ALPHA_J2000,BH_MASS,DELTA_J2000,FLUXERR_F115W,FLUXERR_F150W,FLUXERR_F200W,FLUXERR_F277W,FLUXERR_F356W,FLUXERR_F444W,FLUXERR_F606W,FLUXERR_F814W,FLUX_F115W,FLUX_F150W,FLUX_F200W,FLUX_F277W,FLUX_F356W,FLUX_F444W,FLUX_F606W,FLUX_F814W,REDSHIFT,SURVEY,SURVEY_ID
34.33825631311373,7.085047479944869,-5.280893052771556,3.2041863272469294e-09,2.5291577546306453e-09,2.6558770849556994e-09,9.760291065664081e-09,1.0156189803189762e-08,1.4180819926591536e-08,6.12421496883981e-09,5.389832912451637e-09,3.4383582451500203e-08,3.729338415226462e-08,5.311754169911399e-08,1.9520582131328161e-07,2.0312379606379523e-07,2.836163985318307e-07,3.3018919704488416e-08,3.951190912164875e-08,3.685623554378137,PRIMER-UDS,56116
34.33731062660385,8.999757901390625,-5.143661014551025,1.5061337037666804e-08,7.056580960587436e-08,1.6466867887545866e-07,2.8588357936610043e-07,3.7601476039748355e-07,3.7425393196599706e-07,2.574017874823178e-09,3.4452189579057033e-09,3.012267407533361e-07,1.4113161921174873e-06,3.293373577509173e-06,5.717671587322009e-06,7.52029520794967e-06,7.485078639319941e-06,8.711493771762088e-09,6.890437915811407e-08,4.559697224748681,PRIMER-UDS,221999
34.22374980792672,7.227159064089052,-5.260210411350998,4.402304017710317e-09,2.8475128618015793e-09,2.7474323480303136e-09,6.696924792363435e-09,1.2962402001210739e-08,1.3404164468956835e-08,3.0458898828499726e-09,3.879095342197372e-09,1.5220210412842704e-08,1.5034689383518e-08,4.2017308847194734e-08,1.339384958472687e-07,2.592480400242148e-07,2.680832893791367e-07,2.0552162727294412e-09,1.0621705235706098e-08,4.130242519448266,PRIMER-UDS,83894
34.241811485516884,7.533443093982195,-5.239400156138579,3.3592123395192494e-09,3.01825873742952e-09,2.1048193259058405e-09,7.236690590187742e-09,1.006472778288092e-08,1.8876828670562433e-08,3.406396295748351e-09,3.2161660002713843e-09,6.686141007394706e-09,1.7090236142669907e-08,3.4165701585860585e-08,1.4473381180375484e-07,2.0129455565761838e-07,3.775365734112486e-07,1.6666851303389042e-08,1.7294029772162016e-08,3.4984249628287953,PRIMER-UDS,108492
189.11483517959786,5.233521298429337,62.240053034214554,2.7439800738427316e-09,3.204518613754136e-09,5.689767990678253e-09,3.841007081585645e-09,2.432668755172827e-09,2.6056045567037984e-09,2.5810191399718413e-09,2.6591591865349984e-09,5.487960147685463e-08,6.409037227508272e-08,1.1379535981356506e-07,7.682014163171291e-08,4.865337510345654e-08,5.211209113407597e-08,5.162038279943683e-08,5.318318373069997e-08,2.9887083397196057,JADES-DR3-GN-Medium,14640
189.10774674855887,6.31594140166205,62.269533188453465,3.95718671154301e-09,4.837925923779471e-09,7.186575882781767e-09,1.0679349751101383e-08,7.628167087800316e-09,8.599411679307346e-09,3.1957189428035914e-09,3.924778047223e-09,7.914373423086022e-08,9.675851847558942e-08,1.4373151765563535e-07,2.1358699502202765e-07,1.5256334175600632e-07,1.7198823358614692e-07,6.391437885607183e-08,7.849556094446e-08,3.66481288132049,JADES-DR3-GN-Medium,11792
53.17175833206764,5.392357398874741,-27.752329689330757,5.781770525895062e-09,8.302132727529803e-09,7.620837742358765e-09,7.360208760643213e-09,7.3939095379665206e-09,7.509336949770789e-09,4.180376914423448e-09,4.315291958011138e-09,1.1563541051790122e-07,1.6604265455059605e-07,1.524167548471753e-07,1.4720417521286425e-07,1.478781907593304e-07,1.5018673899541578e-07,8.360753828846895e-08,8.630583916022276e-08,1.995768238300176,JADES-DR3-GS-East,34757
34.45247827641034,6.933697514379903,-5.154728172832676,2.6241337447420166e-09,2.1047781695028865e-09,4.068700641494599e-09,9.242717852357672e-09,1.302883808727826e-08,1.3519614522766205e-08,3.6681961140644273e-09,4.380273560597591e-09,2.1826055314300784e-08,3.7543166298934954e-08,8.137401282989198e-08,1.8485435704715344e-07,2.605767617455652e-07,2.703922904553241e-07,1.0560448856654924e-08,9.41633692380531e-09,2.4888125989695937,PRIMER-UDS,208439
34.41074183650892,7.963448322007913,-5.129681006351439,2.3113646384525086e-09,1.813529295555875e-09,1.2983338964430148e-08,4.8142068487646506e-08,5.717312616824418e-08,7.387095679535005e-08,5.37430354777973e-09,5.705293507622901e-09,2.9493890021336913e-08,3.62705859111175e-08,2.59666779288603e-07,9.6284136975293e-07,1.1434625233648836e-06,1.477419135907001e-06,1.499473854288399e-08,2.6068583987445496e-08,3.545867993949699,PRIMER-UDS,245058
34.4533472762435,7.371249405833455,-5.2707381681163605,2.9309048456308727e-09,2.3635004706923764e-09,2.0391180801828235e-09,1.7058812057382082e-09,2.9296254557898695e-09,5.880149475454215e-09,3.2033801876790825e-09,4.469148036256219e-09,3.811642750981857e-08,2.458412368119234e-08,2.3787326089497483e-08,3.4117624114764164e-08,5.859250911579739e-08,1.176029895090843e-07,-1.43865827277806e-09,1.880728356509603e-08,5.440248363044704,PRIMER-UDS,69070
34.40179417964186,7.0943708499745135,-5.250181205379194,3.0165751498628713e-09,2.192225841990901e-09,1.5844463519625684e-09,5.932444909546802e-09,7.76991880633442e-09,7.943823847411435e-09,2.9765958609808315e-09,3.0192382926005934e-09,2.125454817058147e-08,1.5720345104219783e-08,2.010616543103529e-08,1.1864889819093603e-07,1.553983761266884e-07,1.5887647694822872e-07,7.149518504767663e-11,3.349863744954277e-08,4.710174890409039,PRIMER-UDS,94378
34.417814725871466,7.210475277267485,-5.134860033615938,2.600657243134452e-09,2.4112170207192925e-09,2.776548890462592e-09,1.228334425727279e-08,1.2053279242204105e-08,1.391515909157646e-08,4.78057256392677e-09,6.90653443576252e-09,2.2194707666143996e-08,2.047865771737209e-08,5.553097780925184e-08,2.456668851454558e-07,2.410655848440821e-07,2.7830318183152917e-07,1.2471193834201055e-08,1.592626563599405e-08,3.6181747685893706,PRIMER-UDS,237731
34.27070480912462,7.740681766291537,-5.217649083317466,6.143159601722166e-09,5.399275111473245e-09,6.096773601367817e-09,2.0499425425226445e-08,5.203601259191036e-08,3.78193105279267e-08,2.4079050643377915e-09,3.0425723868031705e-09,8.149289421934008e-08,9.706163647289794e-08,1.2193547202735634e-07,4.099885085045289e-07,1.0407202518382072e-06,7.56386210558534e-07,2.8581181605086788e-08,6.085144773606341e-08,4.686400349465428,PRIMER-UDS,130917
189.24855541572825,4.27529974867946,62.23292252484226,3.4022046218354575e-09,3.605584410466673e-09,5.175639505536118e-09,3.825086425019853e-09,2.530721171711212e-09,2.670000612968437e-09,4.30540806689032e-09,3.739949668841724e-09,6.804409243670914e-08,7.211168820933346e-08,1.0351279011072236e-07,7.650172850039707e-08,5.061442343422423e-08,5.340001225936874e-08,8.61081613378064e-08,7.479899337683448e-08,2.9218729533818197,JADES-DR3-GN-Deep,7193
214.92394147573214,6.96223739285337,52.948391735445746,2.489858470698359e-09,2.572929729079007e-09,2.8510261015715326e-09,5.780576365134087e-09,6.7995501918309605e-09,8.57989002600819e-09,2.4273002845107363e-09,4.0910422077509316e-09,4.9297163599219393e-08,5.145859458158014e-08,5.702052203143065e-08,1.1561152730268173e-07,1.359910038366192e-07,1.7159780052016382e-07,-8.177316326925136e-10,1.881990032219607e-08,5.2710159635441345,CEERSP2,5881
214.8292318813578,6.020178246917673,52.861096883249694,1.6953981719754271e-09,1.795699316448181e-09,1.803601461874488e-09,4.631517431223857e-09,4.033578563343935e-09,2.635180038689573e-09,2.465583029902511e-09,2.620137369273201e-09,3.0188065957885786e-08,3.591398632896362e-08,3.607202923748976e-08,9.263034862447714e-08,8.06715712668787e-08,5.270360077379146e-08,1.0132764920534598e-08,3.464419197886784e-08,4.7057429381185525,CEERSP3,6122
214.9255575350245,5.811962195208977,52.87958022000152,5.554439032238865e-09,5.557074011276187e-09,8.202612692659592e-09,1.004212584051406e-08,1.0888826978543838e-08,1.0394818473275424e-08,2.050789037067312e-09,3.855635127931589e-09,1.110887806447773e-07,1.1114148022552372e-07,1.6405225385319184e-07,2.008425168102812e-07,2.1777653957087675e-07,2.0789636946550846e-07,4.101578074134624e-08,7.71127025586318e-08,3.838474531469828,CEERSP5,3919
150.07228521021443,7.003638177470393,2.3708398900975345,3.3008767170838775e-09,2.8182583270196814e-09,3.0841929849691993e-09,6.690085593222458e-09,6.375099098405102e-09,8.274289420848343e-09,4.271987610510343e-09,5.331905525472888e-09,1.9243399415595495e-08,2.3365487970201948e-08,6.168385969938399e-08,1.3380171186444917e-07,1.2750198196810202e-07,1.6548578841696685e-07,8.075083467840711e-10,1.9209222914298902e-08,2.990447159103819,PRIMER-COSMOS,133273
34.381670683319335,6.811134898854026,-5.303757055379882,2.7885806949993893e-09,1.6849640138488576e-09,3.267384602609226e-09,5.174424691290402e-09,9.880178294264006e-09,9.401216181504392e-09,nan,nan,2.5671063740749363e-08,2.1198684579883238e-08,6.534769205218453e-08,1.0348849382580803e-07,1.9760356588528012e-07,1.8802432363008785e-07,0.0,0.0,3.8054937480860396,PRIMER-UDS,23392
150.10627551212121,5.542173949604183,2.3031189718914864,2.0889860405663536e-09,2.871665206808057e-09,4.104913232265514e-09,2.8373291127413896e-09,2.698413083485448e-09,2.5192323306492363e-09,4.265708848994508e-09,5.230317818857437e-09,3.543995970057421e-08,5.743330413616114e-08,8.209826464531028e-08,5.6746582254827795e-08,5.396826166970896e-08,5.0384646612984725e-08,6.310325827449853e-08,5.8497626740600636e-08,2.6545174635774873,PRIMER-COSMOS,93339
189.12252684130274,6.414300181912043,62.292857596815075,2.1186640783217037e-09,2.5522613081788604e-09,1.907855904499694e-09,3.876121497119835e-09,4.351051387630102e-09,3.5398041338705924e-09,2.3319917775672325e-09,1.8062178189654551e-09,2.1245175714641557e-08,2.6497681811363223e-08,2.537618830778464e-08,7.75224299423967e-08,8.702102775260205e-08,7.079608267741185e-08,1.4744588410119293e-08,2.213046162485572e-08,4.680949891893533,JADES-DR3-GN-Medium,7903
214.8454894795466,6.567335112742289,52.84829202297146,2.2666069951132942e-09,2.164855078614194e-09,3.2487843575886697e-09,6.7288699220921646e-09,5.874737316838184e-09,8.727016326933465e-09,2.2764580607533153e-09,2.3378724259352847e-09,4.533213990226589e-08,4.302685894126924e-08,6.497568715177339e-08,1.345773984418433e-07,1.1749474633676368e-07,1.7454032653866932e-07,4.552916121506631e-08,4.4271597354923714e-08,3.5190679077690534,CEERSP6,1444
34.30363314251574,6.461401668675959,-5.242651898806198,3.3066808388468805e-09,2.8050838290198583e-09,1.927582215881125e-09,3.742605202497224e-09,3.767502890382643e-09,4.862882976832901e-09,3.7154745989017196e-09,3.607907267612945e-09,1.0742018224928883e-08,1.5320443887400592e-08,2.287949101337831e-08,7.485210404994448e-08,7.535005780765287e-08,9.725765953665804e-08,1.880406841076246e-08,2.859405744779628e-08,3.699425664569624,PRIMER-UDS,104399
34.26459080746052,7.445139448171093,-5.232554272637821,4.884964217613188e-09,3.849265495261099e-09,3.3860404425069846e-09,5.1849065940303754e-09,1.3244825827931614e-08,2.0186234402982573e-08,3.2268577092767196e-09,3.783948694330046e-09,6.400918036192133e-08,6.649290218565882e-08,6.772080885013969e-08,1.0369813188060751e-07,2.6489651655863227e-07,4.037246880596514e-07,-3.5019269057114517e-09,2.151802876125088e-08,5.672939348734044,PRIMER-UDS,115903
189.2613213908207,7.109600882356697,62.231969657758846,2.6449386384303813e-09,2.4060409263779873e-09,2.6219929575448104e-09,3.6517511765229875e-09,8.070972139051636e-09,8.813086272089141e-09,1.93129261496606e-09,1.936121833625195e-09,5.2898772768607625e-08,4.812081852755975e-08,5.243985915089621e-08,7.303502353045975e-08,1.6141944278103274e-07,1.7626172544178282e-07,2.048170827697364e-09,3.87224366725039e-08,5.535464986066612,JADES-DR3-GN-Deep,5090
189.15196401271038,7.512525343060071,62.25965049967749,2.5144850554112635e-09,2.45464590637723e-09,2.7589824084790768e-09,3.695850195392636e-09,1.1333934790856335e-08,1.4047281306418616e-08,1.48325845148634e-09,1.231018617288566e-09,5.028970110822527e-08,4.90929181275446e-08,5.517964816958153e-08,7.391700390785273e-08,2.2667869581712672e-07,2.809456261283723e-07,-1.2878874176787404e-09,5.119282469006976e-09,6.760269979874092,JADES-DR3-GN-Medium,8875
214.92412069005934,7.511191589174705,52.84905581622625,1.6456227621184967e-09,1.983124309774895e-09,3.2672768556185045e-09,1.3681616656145284e-08,2.6301067641752226e-08,2.4404256448533847e-08,2.8038851225892438e-09,3.763082867346198e-09,3.2912455242369935e-08,3.759266413818345e-08,6.534553711237009e-08,2.736323331229057e-07,5.260213528350445e-07,4.88085128970677e-07,1.3365139123979952e-08,2.3665631979198155e-08,4.223775672905222,CEERSP9,8153
214.8956219735933,8.86858773734542,52.85650036823181,3.660742913546198e-08,8.777499830381336e-08,2.395239971669779e-07,2.834340829169895e-07,3.09670842032351e-07,3.6318782833974266e-07,3.8018190043205125e-09,1.501988142999118e-08,7.321485827092395e-07,1.7554999660762671e-06,4.790479943339558e-06,5.66868165833979e-06,6.19341684064702e-06,7.263756566794854e-06,7.603638008641025e-08,3.003976285998236e-07,3.2516446057467094,CEERSP6,5480
34.23241919483544,5.3710911142490625,-5.2806229165735346,2.629298445629904e-09,2.4498797514035482e-09,1.9497984556819995e-09,1.6065846823121373e-09,3.0846400696088874e-09,4.1306149250890385e-09,5.22588974079673e-09,4.902648770708535e-09,3.3440081187703015e-09,3.527371981011172e-09,9.97594476929741e-09,2.3432864718867712e-08,6.169280139217775e-08,8.261229850178078e-08,-8.2245313523911e-10,5.929101468196221e-09,4.6561448148506,PRIMER-UDS,57337
53.12653548034779,6.745638709664096,-27.818093084743555,1.4529249836106347e-09,1.2426215753457122e-09,1.3114441693565258e-09,1.6282782357107028e-09,4.31858158902542e-09,6.317518038748271e-09,2.194904089267603e-09,1.616581224485265e-09,2.9058499672212697e-08,2.4852431506914244e-08,2.6228883387130514e-08,3.2565564714214054e-08,8.637163178050842e-08,1.2635036077496542e-07,2.601721637961797e-09,1.235088265744014e-08,5.919054204109247,JADES-DR3-GS-East,37806
53.16872457865232,5.566142714633092,-27.81519672140946,5.65253430650502e-09,6.17637104981775e-09,7.635883390745762e-09,1.493168202565695e-08,9.401423113567635e-09,4.7820026787465176e-09,1.704106162872057e-09,4.988909454763156e-09,1.130506861301004e-07,1.23527420996355e-07,1.5271766781491525e-07,2.98633640513139e-07,1.880284622713527e-07,9.564005357493036e-08,3.408212325744114e-08,9.977818909526311e-08,4.0232926264174305,JADES-DR3-GS-East,16066
214.85909158858612,6.12252155258085,52.7816296171659,1.8104503269146017e-09,1.7148631519974162e-09,1.960959513645583e-09,1.872080394414992e-09,6.302785734480003e-09,2.598864861075681e-09,2.5175331837307217e-09,3.3150529850618764e-09,1.716603045009446e-08,1.9896142690179516e-08,2.5151950640780292e-08,3.744160788829984e-08,1.2605571468960006e-07,5.197729722151362e-08,5.687278954936087e-09,3.827584033992631e-09,6.719084546201944,CEERSP10,3691
53.12102581124192,5.319021876490657,-27.81599454662058,1.1939841199564448e-09,1.031924325108306e-09,1.0478906897357507e-09,1.9851180542238903e-09,1.332865134673095e-09,1.0728608423783165e-09,1.6853830742508076e-09,1.7866599449785853e-09,2.3879682399128897e-08,2.0638486502166122e-08,2.0957813794715016e-08,3.9702361084477805e-08,2.66573026934619e-08,2.145721684756633e-08,-7.330350099972743e-10,2.583305627944743e-08,4.929483717024197,JADES-DR3-GS-East,41218
189.23812830965022,7.002198173548978,62.136978507447054,9.194454755617496e-09,8.662431267908087e-09,1.068007702515204e-08,2.220839038844511e-08,1.623484781586779e-08,8.576109375714702e-09,2.1374329045677615e-09,7.093428246987133e-09,1.8388909511234993e-07,1.7324862535816175e-07,2.1360154050304078e-07,4.441678077689021e-07,3.246969563173558e-07,1.7152218751429404e-07,2.4626783079024475e-08,1.4186856493974265e-07,4.701443464015267,JADES-DR3-GN-Deep,29048
189.3003204442303,5.234046801720675,62.14470669843081,3.825142908740539e-09,4.313505218709274e-09,6.501170666963309e-09,4.664855004328428e-09,3.370158416775895e-09,3.5796912392153913e-09,nan,4.574288261929084e-09,7.650285817481079e-08,8.627010437418547e-08,1.300234133392662e-07,9.329710008656856e-08,6.74031683355179e-08,7.159382478430782e-08,0.0,9.148576523858168e-08,2.7070481287719765,JADES-DR3-GN-Deep,16313
189.29505071849465,7.260023342354851,62.193581853813704,2.580430722248306e-09,3.098603146451813e-09,9.72594072504378e-09,1.8415817912760036e-08,1.5049394066692996e-08,2.0132165475230523e-08,2.1383585759615412e-09,1.717024311142281e-09,5.1608614444966126e-08,6.197206292903627e-08,1.9451881450087558e-07,3.6831635825520073e-07,3.0098788133386e-07,4.0264330950461045e-07,2.7877143901117187e-08,3.434048622284562e-08,3.4296688579869317,JADES-DR3-GN-Deep,6999
189.22913490502512,8.303272447353086,62.14619643026963,3.185779308773739e-09,3.782145507011583e-09,6.551297200261936e-09,3.2533376781300165e-08,9.232023591861529e-08,1.6830126277931594e-07,2.0380694011087566e-09,2.4521904623642716e-09,6.371558617547478e-08,7.564291014023165e-08,1.3102594400523872e-07,6.506675356260033e-07,1.846404718372306e-06,3.3660252555863186e-06,5.211521796612721e-09,3.451661718722572e-08,5.041315472105793,JADES-DR3-GN-Deep,26895
189.17787760160152,5.4989545173094925,62.26537006417892,3.828843884556703e-09,3.900171379368612e-09,4.06464385216287e-09,9.528560762743166e-09,6.055943830040764e-09,3.1923055781481174e-09,1.7169690064438472e-09,3.2725616371489653e-09,7.657687769113406e-08,7.800342758737225e-08,8.129287704325739e-08,1.905712152548633e-07,1.2111887660081528e-07,6.384611156296235e-08,3.4339380128876946e-08,6.545123274297931e-08,4.161901181822647,JADES-DR3-GN-Medium,5783
34.36302889921212,7.167062726538311,-5.3061177766487395,5.965535738043423e-09,1.0757770344559014e-08,2.38544007976803e-08,4.188635738792483e-08,6.710729766957978e-08,7.970402457301196e-08,nan,nan,1.0303711139013257e-07,2.1515540689118027e-07,4.77088015953606e-07,8.377271477584967e-07,1.3421459533915956e-06,1.594080491460239e-06,0.0,0.0,3.9825178500302503,PRIMER-UDS,19882
34.34382619981404,6.725180146521976,-5.2954311314440385,1.2144557840399273e-08,1.486077166692906e-08,1.8026033398085884e-08,2.7818346534953097e-08,2.4412511043727078e-08,1.3985497744078821e-08,nan,nan,2.4289115680798545e-07,2.972154333385812e-07,3.605206679617177e-07,5.56366930699062e-07,4.882502208745416e-07,2.7970995488157643e-07,0.0,0.0,3.8987542669432527,PRIMER-UDS,33630
34.33163105814625,6.605015367027784,-5.260589525216463,8.829669892821789e-09,1.009181013252677e-08,1.4451458509699661e-08,2.282442448869438e-08,2.772720214806062e-08,2.4966259422436483e-08,3.3231015418397676e-09,9.831516602651828e-09,1.7659339785643576e-07,2.0183620265053539e-07,2.890291701939932e-07,4.564884897738876e-07,5.545440429612124e-07,4.993251884487297e-07,5.75070627424537e-08,1.966303320530366e-07,4.367358517680705,PRIMER-UDS,82455
34.413489733007495,6.682776833851115,-5.2910479472597585,3.6970585397762056e-09,2.9138215952475383e-09,4.857385905560284e-09,1.939314402571531e-08,3.536647668988463e-08,4.621413505441929e-08,nan,5.6479062198225465e-09,1.2479127231924733e-08,3.09375040739722e-08,9.714771811120567e-08,3.8786288051430623e-07,7.073295337976926e-07,9.242827010883858e-07,0.0,8.029246181630007e-09,3.9765743667461333,PRIMER-UDS,38176
34.29634402926602,6.2670813826227505,-5.268655383267462,8.390109236058134e-09,1.0109488743564243e-08,1.4909151859074884e-08,2.879884957529463e-08,3.048689670856975e-08,2.3893495058916766e-08,3.3169855800344338e-09,9.504102896270691e-09,1.678021847211627e-07,2.0218977487128484e-07,2.9818303718149766e-07,5.759769915058926e-07,6.09737934171395e-07,4.778699011783354e-07,5.763281791439603e-08,1.9008205792541382e-07,3.999168563502095,PRIMER-UDS,72188
34.408964322657674,6.902533166793538,-5.148425234162998,3.674765389670735e-09,1.0637065172631036e-08,2.9969980385028167e-08,6.36332768716412e-08,1.1537605267954408e-07,1.6331746333977762e-07,4.1412770714385754e-09,3.73447210840495e-09,5.5282944137608206e-08,2.127413034526207e-07,5.993996077005634e-07,1.272665537432824e-06,2.3075210535908817e-06,3.266349266795553e-06,-1.2935901091334476e-09,9.602298266526126e-10,2.291371498749341,PRIMER-UDS,216681
189.11083972291658,5.917518528190947,62.24553909538641,2.70863496107288e-08,2.285591533228901e-08,2.3252801702845453e-08,2.359950985565298e-08,1.7312090569797623e-08,1.3611847196129439e-08,1.6030286366691158e-08,2.9674779475673618e-08,5.41726992214576e-07,4.5711830664578014e-07,4.650560340569091e-07,4.7199019711305953e-07,3.462418113959525e-07,2.722369439225888e-07,3.2060572733382317e-07,5.934955895134723e-07,0.6266205014438273,JADES-DR3-GN-Medium,14150
189.08617853958702,5.642578170705035,62.28268354748886,5.752820140482684e-08,7.022332002927698e-08,7.10284928834276e-08,8.053539564644696e-08,7.851164521727322e-08,8.516786997348745e-08,3.7347208510006025e-08,4.1453461324640444e-08,1.1505640280965368e-06,1.4044664005855396e-06,1.420569857668552e-06,1.6107079129289391e-06,1.5702329043454642e-06,1.703357399469749e-06,7.469441702001206e-07,8.290692264928088e-07,1.6754942064311105,JADES-DR3-GN-Medium,12007
189.1969055963434,6.831552722195587,62.28411499890695,9.57097671440624e-09,2.890299897084968e-08,5.969703451608993e-08,1.1208566330149895e-07,1.7797848204976e-07,2.4131005571289884e-07,1.9260199978432365e-09,2.091905014670711e-09,1.914195342881248e-07,5.780599794169936e-07,1.1939406903217987e-06,2.241713266029979e-06,3.5595696409951995e-06,4.8262011142579775e-06,1.1996268790661445e-08,4.183810029341421e-08,2.31952056680547,JADES-DR3-GN-Medium,1847
189.13510388813293,4.902105665451624,62.29786895988608,4.440156856646819e-09,5.381142786725396e-09,1.1067528030131479e-08,6.687528551062686e-09,3.80901366850032e-09,4.751507677003738e-09,3.994625368047633e-09,3.879251916823521e-09,8.880313713293638e-08,1.0762285573450792e-07,2.2135056060262956e-07,1.3375057102125372e-07,7.61802733700064e-08,9.503015354007477e-08,7.989250736095265e-08,7.758503833647041e-08,3.1294157422138777,JADES-DR3-GN-Medium,6191
189.0798489596527,6.760958564385107,62.256476329734625,4.384380105406408e-09,4.798027004846032e-09,5.04925699591478e-09,7.557023441961619e-09,1.1267506981932917e-08,1.0036744428576803e-08,2.118346507501364e-09,1.372333969051519e-09,8.768760210812816e-08,9.596054009692064e-08,1.009851399182956e-07,1.5114046883923238e-07,2.2535013963865836e-07,2.0073488857153606e-07,-1.840349123049254e-09,3.404554183521585e-09,6.756534894691736,JADES-DR3-GN-Medium,16639
53.1858467600794,7.1046146669308685,-27.810022514736758,3.4249040750529826e-08,6.389826097338973e-08,9.165085626185604e-08,1.3515988586839322e-07,2.063665380943686e-07,2.8229922318709086e-07,1.4841434541413897e-08,2.2908953178317702e-08,6.849808150105965e-07,1.2779652194677945e-06,1.8330171252371208e-06,2.7031977173678646e-06,4.127330761887372e-06,5.645984463741818e-06,2.9682869082827795e-07,4.58179063566354e-07,2.590422920845766,JADES-DR3-GS-East,8231
53.103194777477604,5.70818909445884,-27.74493868528464,5.143915056484885e-09,5.6037915684536325e-09,8.653637425502822e-09,1.7791247632644772e-08,1.7147429587529464e-08,1.288131416576532e-08,2.119417685107932e-09,2.6820519479455527e-09,1.028783011296977e-07,1.1207583136907266e-07,1.7307274851005642e-07,3.5582495265289547e-07,3.4294859175058925e-07,2.576262833153064e-07,4.908105338120588e-09,5.364103895891105e-08,4.853279502428629,JADES-DR3-GS-North,5654
53.160666332686844,5.55087772300023,-27.791820989242186,1.7704991815480254e-08,3.474524918446014e-08,4.342217786369146e-08,5.001505708153422e-08,5.692748227009974e-08,5.974626384451383e-08,9.469175504785245e-09,1.2324696976983635e-08,3.540998363096051e-07,6.949049836892028e-07,8.684435572738292e-07,1.0003011416306844e-06,1.1385496454019948e-06,1.1949252768902765e-06,1.893835100957049e-07,2.464939395396727e-07,2.6408876770692564,JADES-DR3-GS-East,26730
53.13107685355637,5.337002060397684,-27.790378605573927,2.2495577889125197e-08,2.8640238391137888e-08,5.1984833368359966e-08,3.56026033318397e-08,2.613594921966481e-08,2.8579271063772066e-08,1.4329719710878093e-08,1.892649422562003e-08,4.49911557782504e-07,5.728047678227578e-07,1.0396966673671994e-06,7.12052066636794e-07,5.227189843932962e-07,5.715854212754414e-07,2.8659439421756187e-07,3.785298845124006e-07,2.869049313078626,JADES-DR3-GS-East,43130
53.15572869556544,5.800028071940281,-27.837183522052563,7.159736116344153e-08,7.274931500649278e-08,6.744724031542328e-08,7.951718396545772e-08,8.34944273633822e-08,9.174539603601481e-08,4.664404497553638e-08,4.8973953988483096e-08,1.4319472232688306e-06,1.4549863001298553e-06,1.3489448063084657e-06,1.5903436793091543e-06,1.669888547267644e-06,1.8349079207202962e-06,9.328808995107277e-07,9.79479079769662e-07,1.3890036716851748,JADES-DR3-GS-East,15006
53.19657174729409,6.384654464716851,-27.757063142296023,8.878299747872666e-10,2.0074726425871208e-09,6.503631971763649e-09,1.575098838338021e-08,2.015975130248877e-08,3.4342288369003594e-08,1.5987002736825577e-09,3.1955099536512756e-09,1.775659949574533e-08,4.0149452851742414e-08,1.30072639435273e-07,3.1501976766760424e-07,4.031950260497754e-07,6.868457673800719e-07,-4.836167669771649e-10,1.067227793445175e-08,3.606532055444853,JADES-DR3-GS-East,19573
53.193776130874525,5.730651553214067,-27.74786887030336,1.879772628149299e-08,2.235133289793734e-08,2.3249052159837508e-08,2.2451774401429093e-08,2.468641605253583e-08,2.4411178041249217e-08,1.1048385379210587e-08,1.20822618636837e-08,3.7595452562985977e-07,4.4702665795874685e-07,4.6498104319675013e-07,4.4903548802858185e-07,4.937283210507166e-07,4.882235608249843e-07,2.2096770758421175e-07,2.41645237273674e-07,2.3998848450652894,JADES-DR3-GS-East,24249
53.13114729149818,7.77458025254218,-27.77319321325613,1.1683774368203183e-07,2.3104926058773182e-07,3.335871362219109e-07,4.33866559728879e-07,6.33063864067606e-07,9.059814941581969e-07,3.19104038783532e-08,5.411205732919775e-08,2.3367548736406368e-06,4.620985211754636e-06,6.671742724438217e-06,8.67733119457758e-06,1.266127728135212e-05,1.811962988316394e-05,6.38208077567064e-07,1.082241146583955e-06,2.2248134462435427,JADES-DR3-GS-East,46496
53.12952716653932,6.499991834878844,-27.799652435209527,4.294664170812581e-09,1.1074167324899132e-08,1.9724864211180437e-08,3.549231872916301e-08,6.176842848899767e-08,8.570368907074906e-08,9.583067852878696e-10,1.8386168015881589e-09,8.589328341625161e-08,2.2148334649798264e-07,3.9449728422360874e-07,7.098463745832602e-07,1.2353685697799533e-06,1.7140737814149812e-06,1.9166135705757392e-08,2.825504074021182e-08,2.61422145474087,JADES-DR3-GS-East,40808
215.05419873017135,7.153372997041159,52.92591418137769,7.90008091892887e-08,2.0365756329485504e-07,4.6322011634309587e-07,7.711805111834278e-07,1.2227551502559148e-06,1.4406537348793071e-06,6.400416573695192e-09,2.8125235970134357e-08,1.5800161837857743e-06,4.073151265897101e-06,9.264402326861918e-06,1.5423610223668557e-05,2.4455103005118295e-05,2.881307469758614e-05,1.2800833147390384e-07,5.625047194026872e-07,1.0373333269354443,CEERSP7,5201
189.06794026452363,5.708011085464413,62.2751344499157,5.289184040712375e-08,6.795284280135426e-08,6.054343679459459e-08,5.7688665379325643e-08,5.949079288561064e-08,6.254903564482278e-08,4.393437262197811e-08,4.2795486300860256e-08,1.057836808142475e-06,1.359056856027085e-06,1.2108687358918917e-06,1.1537733075865128e-06,1.1898158577122129e-06,1.2509807128964555e-06,8.786874524395622e-07,8.559097260172051e-07,2.0932855902100935,JADES-DR3-GN-Medium,15034
53.17581269248092,5.540832331054952,-27.816631702161892,7.570563888324465e-09,1.51988263631495e-08,1.0698487810120767e-08,7.614438916603588e-09,8.571297164577841e-09,8.060736362137178e-09,4.825514250990853e-09,4.969155896800711e-09,1.514112777664893e-07,3.0397652726299e-07,2.1396975620241535e-07,1.5228877833207176e-07,1.714259432915568e-07,1.6121472724274357e-07,9.651028501981706e-08,9.938311793601422e-08,2.074904823387161,JADES-DR3-GS-East,12320
53.10145538731873,6.755252265014251,-27.821716485509967,1.6262325069257304e-09,5.443782941687371e-09,1.4123238036043679e-08,3.327928085906371e-08,6.197570442148208e-08,8.824426775610617e-08,1.1335870056939202e-09,1.5243058907667813e-09,3.2524650138514606e-08,1.0887565883374743e-07,2.8246476072087354e-07,6.655856171812743e-07,1.2395140884296416e-06,1.7648853551221233e-06,2.3735402166737577e-09,8.127835660954758e-09,2.646402447132789,JADES-DR3-GS-South,48965
34.4495886151842,6.845487113809632,-5.14939916271593,2.2389216006229575e-08,4.6478728163959646e-08,1.046175076375212e-07,2.77094230276698e-07,4.722141533737856e-07,7.383344324501191e-07,3.610842430681431e-09,7.286569263597354e-09,4.477843201245915e-07,9.295745632791929e-07,2.0923501527504243e-06,5.5418846055339605e-06,9.444283067475712e-06,1.4766688649002381e-05,7.125971931957407e-08,1.4573138527194706e-07,1.6554154872470153,PRIMER-UDS,211293
34.375177584499944,6.538080845972657,-5.280873999836309,6.093308340094233e-09,7.355369917063471e-09,1.2026329612624246e-08,1.9091468333242113e-08,1.3839534004984862e-08,1.932035527132053e-08,5.20232519600231e-09,6.422124831261654e-09,1.2186616680188467e-07,1.4710739834126943e-07,2.4052659225248493e-07,3.8182936666484225e-07,2.7679068009969727e-07,3.864071054264106e-07,6.51113799151123e-08,1.284424966252331e-07,3.521629437232485,PRIMER-UDS,55521
34.493102672127876,7.115186698832104,-5.131021703956204,3.476969867629658e-08,3.9723661544034836e-08,4.873661262866313e-08,1.1130342561182748e-07,8.632138144895813e-08,1.1386323480553251e-07,2.3435280617366893e-08,4.168895651722107e-08,6.953939735259316e-07,7.944732308806967e-07,9.747322525732626e-07,2.22606851223655e-06,1.7264276289791626e-06,2.27726469611065e-06,4.6870561234733786e-07,8.337791303444213e-07,3.597146766022907,PRIMER-UDS,239709
53.14885946063721,7.482032413488323,-27.821181456493356,1.7054904750203696e-08,5.1741082063982076e-08,1.0132439393960643e-07,1.6087968425418224e-07,2.9775472683665904e-07,4.344017835941658e-07,4.900058203385216e-09,6.734322239297957e-09,3.4109809500407394e-07,1.0348216412796414e-06,2.0264878787921286e-06,3.2175936850836447e-06,5.95509453673318e-06,8.688035671883316e-06,9.800116406770433e-08,1.3468644478595916e-07,2.5813604413785796,JADES-DR3-GS-East,22942
53.16142882549777,6.9161384099849155,-27.811144599662736,6.947524510533617e-10,5.529108731272673e-09,1.9508336680001593e-08,5.459946614505244e-08,1.0182776823234694e-07,1.610675011480861e-07,1.1516246592791961e-09,2.3945808936161043e-09,1.3895049021067235e-08,1.1058217462545346e-07,3.901667336000319e-07,1.0919893229010488e-06,2.0365553646469388e-06,3.221350022961722e-06,1.1212805608921677e-09,4.8974137730124975e-09,2.821367842685626,JADES-DR3-GS-East,20371
53.1269282533846,6.86613143004973,-27.804686062739727,2.1413129041367617e-09,1.0485670801345606e-08,3.5431938477096995e-08,6.472543532018124e-08,9.259532176326917e-08,1.2033664166582663e-07,1.6409832405466733e-09,1.637213462346606e-09,4.282625808273523e-08,2.0971341602691208e-07,7.086387695419398e-07,1.2945087064036248e-06,1.8519064352653834e-06,2.4067328333165326e-06,-9.389090935321879e-10,6.1052974576373805e-09,2.8723994163885367,JADES-DR3-GS-East,40623
53.16163450318195,6.947749637126668,-27.747015970540122,2.0199296281665927e-07,3.582464937083672e-07,6.600569609257509e-07,1.0559375420620601e-06,1.12392319828033e-06,9.153045567323444e-07,1.2657302722333315e-08,6.172546415907966e-08,4.039859256333185e-06,7.164929874167344e-06,1.3201139218515018e-05,2.1118750841241205e-05,2.2478463965606603e-05,1.8306091134646888e-05,2.531460544466663e-07,1.2345092831815932e-06,0.733843467967265,JADES-DR3-GS-East,39860
53.17658981217275,6.874741421854416,-27.78551675150676,5.516112904972046e-08,1.1957832918661344e-07,2.2832388593865677e-07,4.5258414875688493e-07,6.047361768957544e-07,6.987353933593788e-07,1.7523901527463118e-09,9.100725519126562e-09,1.1032225809944093e-06,2.3915665837322686e-06,4.566477718773135e-06,9.051682975137698e-06,1.209472353791509e-05,1.3974707867187576e-05,3.504780305492624e-08,1.8201451038253125e-07,1.316691441733039,JADES-DR3-GS-East,19435
34.33095658518721,6.904146883391565,-5.287481376457982,2.353921185651884e-09,4.1428743819712875e-09,1.576834130291625e-08,3.642690405221388e-08,5.08329186148232e-08,8.098725164522432e-08,4.758268528628606e-09,5.954104671666862e-09,2.8347030207267078e-08,8.285748763942576e-08,3.1536682605832497e-07,7.285380810442775e-07,1.016658372296464e-06,1.6197450329044866e-06,-5.447506666022945e-09,3.531393613662254e-08,3.7373160885404166,PRIMER-UDS,44883
34.4680618467243,5.827030825407633,-5.165686940992816,8.967852829791608e-10,7.335395273678762e-10,3.806445425637776e-10,3.533558124800573e-08,3.972767595322192e-08,4.507743988248224e-08,9.189666844992103e-09,1.3202155191039824e-08,1.381460960007949e-12,-3.086362608894232e-13,3.299369928808136e-11,7.067116249601146e-07,7.945535190644385e-07,9.015487976496448e-07,1.8379333689984205e-07,2.640431038207965e-07,1.8235444719797882,PRIMER-UDS,185028
34.399154587926674,6.084906919549655,-5.283021803797089,7.351547877410241e-09,6.703329653975072e-09,7.952666881021912e-09,1.018973666391511e-08,8.132357174863155e-09,5.061594367547674e-09,6.081480901457224e-09,1.0739135753611592e-08,1.4703095754820482e-07,1.3406659307950144e-07,1.5905333762043826e-07,2.037947332783022e-07,1.6264714349726308e-07,1.0123188735095348e-07,1.2162961802914447e-07,2.1478271507223184e-07,3.9060612922760463,PRIMER-UDS,52539
34.37358244583762,7.974764682355321,-5.184991999841552,3.5001931949522034e-08,6.77874745866585e-08,1.0543667377966417e-07,5.978302898505934e-08,7.607937097388253e-08,1.0305646913369035e-07,4.300422995795019e-09,1.3412257975680049e-08,7.000386389904407e-07,1.3557494917331698e-06,2.1087334755932833e-06,1.1956605797011867e-06,1.5215874194776507e-06,2.0611293826738068e-06,8.600845991590037e-08,2.6824515951360097e-07,2.207504912485949,PRIMER-UDS,160077
34.36422432203315,7.18560395642301,-5.197716581031127,4.191499509744517e-09,4.565177702064241e-09,5.951804889959623e-09,1.1656832475192446e-08,8.97187124173038e-09,6.096759807428374e-09,3.5336145216174347e-09,6.939426383473957e-09,8.382999019489035e-08,9.130355404128483e-08,1.1903609779919245e-07,2.331366495038489e-07,1.794374248346076e-07,1.2193519614856747e-07,2.5823192399911532e-08,1.3878852766947914e-07,4.58262875614737,PRIMER-UDS,148827
34.47368941657244,5.686597772938724,-5.264374942990247,1.0474265371233148e-08,1.201299124599205e-08,1.4429309171045963e-08,2.6841467199784164e-08,2.2931350633546334e-08,2.5157222720085217e-08,2.943856021771891e-08,3.182618388468374e-08,2.0948530742466296e-07,2.40259824919841e-07,2.8858618342091925e-07,5.368293439956832e-07,4.5862701267092674e-07,5.031444544017043e-07,5.887712043543782e-07,6.365236776936748e-07,2.744771080607825,PRIMER-UDS,76998
189.2095269480693,5.456509980625294,62.163959803099246,5.669441234724339e-09,6.477178006784508e-09,1.0478652385440762e-08,9.503826799877196e-09,6.826751693186548e-09,8.08657936634382e-09,4.109787107197409e-09,5.648651821816897e-09,1.1338882469448678e-07,1.2954356013569016e-07,2.0957304770881525e-07,1.9007653599754392e-07,1.3653503386373097e-07,1.617315873268764e-07,8.219574214394819e-08,1.1297303643633792e-07,3.467080055047999,JADES-DR3-GN-Deep,27764
34.25853723930746,5.713415387485797,-5.251770820794349,8.32845703731311e-09,9.698087109341339e-09,1.380146124088552e-08,2.0348363147867013e-08,1.8477913906817996e-08,1.3688271901908101e-08,3.6219861280461255e-09,9.279023920945175e-09,1.6656914074626222e-07,1.9396174218682677e-07,2.7602922481771037e-07,4.0696726295734027e-07,3.6955827813635995e-07,2.7376543803816203e-07,6.775158226401093e-08,1.855804784189035e-07,3.9512426855720975,PRIMER-UDS,93088
214.7937401891878,6.240648056581778,52.81474589426655,4.3022496467146136e-09,4.342406369907638e-09,4.654996252065384e-09,8.113107528185163e-09,5.610485285753292e-09,2.5110791888548068e-09,2.9053001564958356e-09,4.868907991094719e-09,8.604499293429228e-08,8.684812739815277e-08,9.309992504130768e-08,1.6226215056370327e-07,1.1220970571506583e-07,5.022158377709614e-08,5.810600312991672e-08,9.737815982189438e-08,4.508574934129882,CEERSP6,965
214.83992677035508,5.5484002838946616,52.82007325032564,4.136984461276308e-09,5.7395642694551495e-09,1.0277552042158594e-08,1.6446383020877142e-08,2.121848601963966e-08,2.2635247880334037e-08,2.4474787945270037e-09,3.206300906832532e-09,8.273968922552617e-08,1.14791285389103e-07,2.0555104084317188e-07,3.2892766041754283e-07,4.243697203927932e-07,4.5270495760668074e-07,1.6420366929837983e-08,6.412601813665063e-08,4.280136427993674,CEERSP6,5318
189.2276986513081,5.342727361202166,62.2517682587616,3.1421362205906713e-09,3.7350414065316026e-09,6.2551327481018965e-09,1.0888999601903343e-08,1.1209037101657205e-08,9.37664687302265e-09,1.730621455352986e-09,1.5270661246715766e-09,6.284272441181342e-08,7.470082813063205e-08,1.2510265496203791e-07,2.1777999203806686e-07,2.241807420331441e-07,1.8753293746045299e-07,5.735421111150571e-09,3.054132249343153e-08,4.401458869261494,JADES-DR3-GN-Medium,2620
189.1760702052649,5.563562487462966,62.25633087990366,7.005738636323778e-09,6.991507692108169e-09,8.525627696407581e-09,1.1964236999161517e-08,1.0640716362851017e-08,7.339251010620282e-09,1.8272488558339476e-09,6.12338333674122e-09,1.4011477272647557e-07,1.3983015384216338e-07,1.7051255392815163e-07,2.3928473998323033e-07,2.1281432725702033e-07,1.4678502021240563e-07,3.654497711667895e-08,1.224676667348244e-07,4.413353536067188,JADES-DR3-GN-Medium,6964
214.97814628441728,5.52379649222556,52.87952100501124,7.482019068116255e-09,9.413735265465991e-09,1.0694445256131885e-08,1.9025133786779877e-08,1.4211411593763779e-08,9.525693771583213e-09,2.5651543853449467e-09,7.722028854695466e-09,1.496403813623251e-07,1.882747053093198e-07,2.138889051226377e-07,3.805026757355975e-07,2.842282318752756e-07,1.9051387543166427e-07,3.602279537881462e-08,1.544405770939093e-07,4.5509611795880796,CEERSP8,6576
214.86168189588994,7.061095330778438,52.81844052335838,2.6769302560567434e-08,2.8062089755618828e-08,3.5907789531250186e-08,3.853986223768895e-08,4.407382593063058e-08,4.2760310283448895e-08,1.5490614024511495e-08,2.4891196606394683e-08,5.353860512113487e-07,5.612417951123765e-07,7.181557906250038e-07,7.707972447537789e-07,8.814765186126117e-07,8.552062056689779e-07,3.0981228049022985e-07,4.978239321278936e-07,3.7721871638886535,CEERSP6,9801
214.92921844763825,6.590526030962398,52.88505042446932,nan,nan,nan,2.1848937975378323e-08,2.9585531230961672e-08,3.187971319422772e-08,2.2595601795801123e-09,3.583830468433801e-09,0.0,0.0,0.0,4.369787595075664e-07,5.917106246192335e-07,6.375942638845545e-07,2.5763586672562906e-08,7.167660936867603e-08,3.864540011849927,CEERSP5,4234
150.07715747713243,6.717370841975934,2.3803555987848903,3.5772780772529435e-09,9.543281405667428e-09,1.8361566096324696e-08,4.124477989479927e-08,6.39199422813003e-08,1.0019016978629652e-07,4.239489211293739e-09,4.467292265704763e-09,7.154556154505887e-08,1.9086562811334856e-07,3.672313219264939e-07,8.248955978959854e-07,1.278398845626006e-06,2.0038033957259304e-06,2.1910219442475244e-08,3.5331600004439386e-08,2.8104075046926043,PRIMER-COSMOS,140605
150.07830886147096,5.210380464905695,2.364751446542174,4.191818833630608e-09,5.0551609326155e-09,8.449464650481505e-09,8.119501468591051e-09,7.434054071913226e-09,8.15709652737257e-09,4.5841776868866556e-09,5.723325573312442e-09,8.383637667261217e-08,1.0110321865231001e-07,1.689892930096301e-07,1.6239002937182103e-07,1.4868108143826452e-07,1.631419305474514e-07,9.168355373773311e-08,1.1446651146624882e-07,3.417776234625248,PRIMER-COSMOS,130533
214.86787105057576,5.194509651126126,52.85087482376639,1.0408201442099816e-08,1.5227938042699618e-08,2.27930458649717e-08,2.6473440458878292e-08,2.620330653222231e-08,3.043352175554115e-08,4.426326990039617e-09,6.427828091130852e-09,2.081640288419963e-07,3.0455876085399235e-07,4.5586091729943403e-07,5.294688091775659e-07,5.240661306444462e-07,6.086704351108229e-07,8.852653980079235e-08,1.2855656182261706e-07,2.9689423935642965,CEERSP6,3405
189.23304787063748,5.69615142357734,62.23678503816442,3.451462487194389e-08,3.6456052308678925e-08,5.66869852917352e-08,6.399647787257101e-08,6.917901651387296e-08,6.816054341003059e-08,1.2606087689376513e-08,2.7695317361730958e-08,6.902924974388778e-07,7.291210461735785e-07,1.1337397058347041e-06,1.2799295574514203e-06,1.3835803302774592e-06,1.3632108682006119e-06,2.521217537875303e-07,5.539063472346192e-07,3.906543307140338,JADES-DR3-GN-Deep,8507
34.405870226588966,6.761771317623257,-5.3129642442951015,4.102380061868411e-09,3.4917705180615474e-09,8.237497563771002e-09,1.8472693087143412e-08,2.2259936223296495e-08,3.499400155276984e-08,nan,nan,2.91566188817265e-08,4.4257541543121285e-08,1.6474995127542004e-07,3.6945386174286827e-07,4.451987244659299e-07,6.998800310553969e-07,0.0,0.0,3.6555860681640757,PRIMER-UDS,11701
34.3651023349215,6.650330939826432,-5.300122806877999,4.8525692739866484e-09,5.9710030711908696e-09,9.478424215849365e-09,9.055954622864745e-09,9.117872261741753e-09,7.855825224330307e-09,nan,nan,9.700853353413419e-08,1.1942006142381738e-07,1.8956848431698729e-07,1.811190924572949e-07,1.8235744523483506e-07,1.5711650448660613e-07,0.0,0.0,4.475962866802982,PRIMER-UDS,27685
150.08160635526124,6.062047049338103,2.2937421687729764,4.145537057567369e-09,4.19334776750599e-09,5.279127359796972e-09,7.611506659373458e-09,1.879363878010627e-08,1.1957003867578244e-08,2.501657856552254e-09,3.940563670360718e-09,8.291074115134738e-08,8.386695535011979e-08,1.0558254719593944e-07,1.5223013318746916e-07,3.7587277560212544e-07,2.391400773515649e-07,3.773593259239153e-09,2.645014788940313e-08,5.735217699487371,PRIMER-COSMOS,78529
150.12927393213118,7.019217630260721,2.36955695633955,7.0170677644578864e-09,2.4065529633937676e-08,5.584980993084637e-08,1.3273968409948238e-07,2.1646568502839204e-07,2.9631506777369704e-07,3.21832741628007e-09,3.4642809233059207e-09,1.4034135528915774e-07,4.813105926787535e-07,1.1169961986169274e-06,2.6547936819896473e-06,4.329313700567841e-06,5.926301355473941e-06,6.5562183089862505e-09,1.3499408873830173e-08,2.0857151567543664,PRIMER-COSMOS,146132
150.09640658098363,5.137092245515694,2.3951111881830487,5.535003286138943e-09,8.86860295661747e-09,8.99770944611781e-09,8.770935496385766e-09,9.957131495905477e-09,8.549219937449821e-09,4.46941409133347e-09,4.605547133325083e-09,1.1070006572277887e-07,1.773720591323494e-07,1.7995418892235616e-07,1.7541870992771532e-07,1.9914262991810955e-07,1.7098439874899643e-07,8.725375404983185e-08,8.889953078451683e-08,2.47756724062167,PRIMER-COSMOS,159133
214.88556263460342,4.332621222451467,52.83505300783071,2.4181874491187078e-08,2.6502432300559173e-08,3.0155058927777785e-08,3.4861474679658776e-08,3.749499757374118e-08,3.945085403532124e-08,7.262686149014652e-09,9.602200836430664e-09,4.836374898237416e-07,5.300486460111835e-07,6.031011785555557e-07,6.972294935931755e-07,7.498999514748236e-07,7.890170807064248e-07,1.4525372298029305e-07,1.920440167286133e-07,1.5543687711857292,CEERSP6,8112
150.0985463924934,6.938320539041971,2.3653554114867967,3.0554411915529237e-09,8.908285095950202e-09,2.6863700989133023e-08,7.61817979536542e-08,1.6849331850094867e-07,2.8157096967311963e-07,3.6448383833298886e-09,3.965287536996169e-09,3.643583738404447e-08,1.7816570191900405e-07,5.372740197826605e-07,1.5236359590730841e-06,3.369866370018973e-06,5.631419393462392e-06,6.347271737178755e-10,-5.224073111474869e-10,2.5523195458204273,PRIMER-COSMOS,134028
150.08984251338828,6.993201491147873,2.250408705584626,5.976686837814567e-09,7.171393081769967e-09,1.6850731693896825e-08,1.5191292977584174e-08,9.924688847279895e-09,1.5775497939800456e-08,3.958707134291277e-09,5.493610546349128e-09,1.1953373675629135e-07,1.4342786163539933e-07,3.370146338779365e-07,3.038258595516835e-07,1.984937769455979e-07,3.155099587960091e-07,7.917414268582553e-08,1.0987221092698255e-07,3.2643172022819495,PRIMER-COSMOS,54465
150.08882424089592,7.341236325063661,2.2615946830797453,5.32362329035316e-08,8.32169592215822e-08,1.0947236987630297e-07,2.1778319771855357e-07,2.445622275584883e-07,2.7430964259655694e-07,5.095638297154041e-09,1.519212439540128e-08,1.064724658070632e-06,1.6643391844316441e-06,2.1894473975260596e-06,4.3556639543710716e-06,4.891244551169767e-06,5.486192851931139e-06,1.0191276594308082e-07,3.038424879080256e-07,1.6899929535409859,PRIMER-COSMOS,59715
150.08647172862334,7.689317069947333,2.264292813098877,9.761299615968664e-09,1.5379445117430495e-08,2.188614594929849e-08,3.7347232703221514e-08,6.851160306673922e-08,1.2050476273516445e-07,1.0259438585409413e-08,1.4857531363566695e-08,1.952259923193733e-07,3.075889023486099e-07,4.3772291898596983e-07,7.469446540644303e-07,1.3702320613347844e-06,2.4100952547032893e-06,2.0518877170818827e-07,2.971506272713339e-07,2.4935452558249347,PRIMER-COSMOS,61115
150.08347752822849,5.94755701526852,2.2660460011479002,4.757185226259375e-09,8.6755670333576e-09,1.5057422840518962e-08,3.214328501439204e-08,4.1142946481504484e-08,5.071736172661379e-08,3.4371883628155643e-09,4.592145101540531e-09,9.51437045251875e-08,1.73511340667152e-07,3.011484568103792e-07,6.428657002878409e-07,8.228589296300897e-07,1.0143472345322757e-06,2.238328552029644e-08,5.304770378033905e-08,1.8695384903354322,PRIMER-COSMOS,61573
150.12873273319244,5.604926307347843,2.2697984868456347,6.5434512087818045e-09,1.0619665031458265e-08,1.5438981757766713e-08,2.156070166616319e-08,3.0313820493860586e-08,3.811969576361028e-08,2.9967752308424195e-09,5.010078258523486e-09,1.308690241756361e-07,2.1239330062916532e-07,3.0877963515533424e-07,4.312140333232638e-07,6.062764098772117e-07,7.623939152722055e-07,5.993550461684838e-08,1.002015651704697e-07,2.5608190079253808,PRIMER-COSMOS,72482
150.08572133895262,7.2581244136049206,2.285109361476786,6.858063118530621e-09,1.5425662348457023e-08,3.5058738805310625e-08,8.174989903919599e-08,1.1710025903603466e-07,1.5773117608388808e-07,4.186503460954378e-09,5.653670377212917e-09,1.3716126237061243e-07,3.0851324696914045e-07,7.011747761062125e-07,1.6349979807839198e-06,2.3420051807206932e-06,3.1546235216777614e-06,4.374590875122181e-08,7.05588356675289e-08,2.0997855906559915,PRIMER-COSMOS,73098
150.11954707363478,5.391943122691601,2.2919025231485626,1.2134331095892035e-08,1.627908055477445e-08,2.1423858726482297e-08,2.506374660862283e-08,2.285413196887032e-08,2.3619039155944235e-08,1.1236737666752376e-08,1.3718737322235577e-08,2.426866219178407e-07,3.2558161109548904e-07,4.2847717452964594e-07,5.012749321724565e-07,4.5708263937740644e-07,4.723807831188847e-07,2.247347533350475e-07,2.7437474644471157e-07,3.0036351634139775,PRIMER-COSMOS,87115
150.08308566580934,5.7485080149940275,2.30300788832743,1.5154517976552312e-08,1.6775025216040102e-08,2.1354300816284503e-08,1.4508596020274167e-08,1.5551199087025285e-08,1.5961756261112993e-08,1.7229610692332664e-08,1.584900267822413e-08,3.030903595310463e-07,3.3550050432080206e-07,4.2708601632569004e-07,2.9017192040548334e-07,3.110239817405057e-07,3.1923512522225985e-07,3.445922138466533e-07,3.169800535644826e-07,2.6291519151638454,PRIMER-COSMOS,86751
150.08108825484265,6.089303444629789,2.304014627209148,7.124910954928035e-09,1.8451615749853732e-08,2.7965028846510058e-08,4.393256953680897e-08,6.128115015710077e-08,7.831861623859246e-08,3.486774857297198e-09,4.740017271034721e-09,1.424982190985607e-07,3.6903231499707466e-07,5.593005769302012e-07,8.786513907361793e-07,1.2256230031420153e-06,1.5663723247718492e-06,5.6792399741458385e-08,6.878156659800865e-08,2.624471770838358,PRIMER-COSMOS,86583
150.1053945741171,5.951340813685811,2.312827021577752,2.593318763351598e-09,7.772026061653591e-09,2.2491654504556314e-08,5.865788465861081e-08,1.3919963193920987e-07,2.480828854610234e-07,2.0879463618064557e-09,3.0446131943953125e-09,4.474626456359691e-08,1.5544052123307181e-07,4.4983309009112633e-07,1.1731576931722162e-06,2.7839926387841976e-06,4.9616577092204675e-06,9.27159890638942e-09,5.492630053333261e-09,2.2816011974544668,PRIMER-COSMOS,98300
189.17335019737436,5.932881766112697,62.23041018949828,7.927952404878554e-09,1.3822038995310269e-08,2.2120718793749585e-08,3.6175438230915745e-08,4.085915399868277e-08,5.535328429541408e-08,2.810259002361485e-09,4.309306382224802e-09,1.5855904809757107e-07,2.7644077990620537e-07,4.424143758749917e-07,7.235087646183148e-07,8.171830799736555e-07,1.1070656859082816e-06,5.62051800472297e-08,8.618612764449604e-08,3.1281717038504366,JADES-DR3-GN-Medium,9766
189.17173765145333,6.597412729460676,62.237980858173245,3.4076686280863017e-08,5.333279441670502e-08,7.059664124389353e-08,8.010204958794991e-08,9.32503906337841e-08,1.012045566535058e-07,7.137677265869086e-09,1.1868968337452583e-08,6.815337256172603e-07,1.0666558883341002e-06,1.4119328248778707e-06,1.6020409917589985e-06,1.8650078126756819e-06,2.024091133070116e-06,1.427535453173817e-07,2.3737936674905165e-07,1.987494427840387,JADES-DR3-GN-Medium,9246
189.2091860947009,5.711578334542146,62.26428839649406,9.61956083603804e-09,1.4311354883387047e-08,2.2667029340220643e-08,2.9923359295477314e-08,2.9274267574440017e-08,3.341542361012923e-08,3.231210764321511e-09,5.442779700363813e-09,1.923912167207608e-07,2.8622709766774095e-07,4.5334058680441286e-07,5.984671859095464e-07,5.854853514888003e-07,6.683084722025846e-07,6.462421528643022e-08,1.0885559400727625e-07,2.958913784303765,JADES-DR3-GN-Medium,2803
189.10423403249524,5.60290474778801,62.284583907981684,nan,nan,nan,nan,nan,nan,nan,nan,0.0,0.0,0.0,0.0,0.0,0.0,0.0,0.0,3.660888731686705,JADES-DR3-GN-Medium,10835
189.10651882954127,5.745062671710539,62.230630822032204,2.1414892313268093e-08,2.670788653165662e-08,3.2823474217344215e-08,3.9315147497390157e-08,3.875493531048683e-08,4.604055558207811e-08,1.2212346179352586e-08,1.5583598534523305e-08,4.282978462653619e-07,5.341577306331324e-07,6.564694843468843e-07,7.863029499478031e-07,7.750987062097367e-07,9.208111116415622e-07,2.4424692358705174e-07,3.116719706904661e-07,2.931167728675664,JADES-DR3-GN-Medium,17029
214.85057261513555,7.355853150287326,52.86602950291466,1.9506903385859305e-09,6.076098625622339e-09,2.6072054128178747e-08,6.62500149767981e-08,8.745932193399103e-08,1.2599350551082486e-07,1.9163959531089543e-09,2.9369388688441517e-09,3.2289194668888804e-08,1.2152197251244678e-07,5.214410825635749e-07,1.3250002995359622e-06,1.7491864386798207e-06,2.5198701102164974e-06,1.1291183327598456e-09,5.0964298840410005e-09,3.650937024797675,CEERSP3,9026
214.86377938340524,5.98979850959677,52.880362924146205,4.923491868686777e-08,4.568165522452258e-08,6.399757280860609e-08,4.668604565756169e-08,3.492939527506748e-08,3.785363761363043e-08,4.692857816181913e-08,5.5120581947700943e-08,9.846983737373553e-07,9.136331044904515e-07,1.2799514561721219e-06,9.337209131512338e-07,6.985879055013497e-07,7.570727522726086e-07,9.385715632363825e-07,1.1024116389540188e-06,3.436529812944877,CEERSP2,9980
34.29353308439514,6.59831818124646,-5.234568257832807,1.3080534789837185e-08,1.532174722827337e-08,2.1217160629744183e-08,2.9967003876581874e-08,2.3300771717906614e-08,3.1305013020078336e-08,5.781471993693657e-09,1.119518595400942e-08,2.616106957967437e-07,3.0643494456546735e-07,4.2434321259488363e-07,5.993400775316375e-07,4.6601543435813225e-07,6.261002604015667e-07,1.1562943987387313e-07,2.2390371908018843e-07,3.5386741628548073,PRIMER-UDS,113148
34.30939031970244,5.565056149443383,-5.221940498585648,9.006655828913855e-09,9.318536799719816e-09,1.3080673474849966e-08,1.840718156782775e-08,1.7367021603441164e-08,1.4640187934776974e-08,3.738318888019241e-09,7.262316570407031e-09,1.801331165782771e-07,1.8637073599439634e-07,2.616134694969993e-07,3.68143631356555e-07,3.473404320688233e-07,2.9280375869553947e-07,7.476637776038481e-08,1.4524633140814061e-07,3.985840752501347,PRIMER-UDS,126454
189.03216050280272,6.356416705906985,62.2508181838641,2.1781459108579667e-08,3.3881868390598725e-08,4.8461458187552695e-08,5.8731710747539484e-08,6.379367399638599e-08,8.24745548741631e-08,2.5234041671492882e-09,4.704284610163877e-09,4.356291821715933e-07,6.776373678119746e-07,9.69229163751054e-07,1.1746342149507896e-06,1.27587347992772e-06,1.6494910974832618e-06,5.046808334298576e-08,9.408569220327753e-08,1.6759778213447447,JADES-DR3-GN-Medium,21646
189.1480433486604,5.439099959238966,62.256078037243505,2.806139891612724e-08,3.156030920539611e-08,3.967954649918626e-08,3.9720867478852245e-08,3.2843752242244984e-08,2.5603531591797705e-08,1.3790976445850595e-08,2.0223309677625125e-08,5.612279783225448e-07,6.312061841079221e-07,7.935909299837253e-07,7.94417349577045e-07,6.568750448448997e-07,5.120706318359541e-07,2.7581952891701187e-07,4.044661935525025e-07,2.980748757646925,JADES-DR3-GN-Medium,9555
189.0645863311826,8.377571220339847,62.27382565467908,3.061130590955198e-08,1.0046241520154457e-07,2.2259208607358613e-07,2.5037752841927154e-07,3.169575436187286e-07,3.5178036434451317e-07,1.7693731607260657e-08,1.9898360961171143e-08,6.122261181910396e-07,2.0092483040308914e-06,4.451841721471722e-06,5.007550568385431e-06,6.339150872374572e-06,7.035607286890263e-06,3.5387463214521316e-07,3.979672192234228e-07,2.2608963589622113,JADES-DR3-GN-Medium,15484
189.19754949571947,6.068938583559498,62.29133946563152,3.1143578959321414e-08,5.740108128426478e-08,8.074215707482642e-08,1.1106706024818154e-07,1.382970749103629e-07,1.6333087256281333e-07,8.669373578436063e-09,1.3444322604628954e-08,6.228715791864283e-07,1.1480216256852957e-06,1.6148431414965283e-06,2.221341204963631e-06,2.7659414982072576e-06,3.266617451256267e-06,1.7338747156872124e-07,2.688864520925791e-07,2.2449602675277593,JADES-DR3-GN-Medium,942
189.133914999581,5.322289680885563,62.242434436610544,1.1927373434159298e-08,1.1747045648711416e-08,1.7247964933960453e-08,2.1043100958380428e-08,1.9308220828730746e-08,2.1459992164600345e-08,5.283724581470436e-09,8.462664465831766e-09,2.3854746868318597e-07,2.3494091297422832e-07,3.44959298679209e-07,4.2086201916760854e-07,3.8616441657461497e-07,4.2919984329200695e-07,1.0567449162940871e-07,1.6925328931663532e-07,3.6619520644775783,JADES-DR3-GN-Medium,12216
189.05831742130502,5.562408710723801,62.272558714123576,6.07887880486163e-09,5.608380117615343e-09,6.487750430268128e-09,7.093128181590518e-09,7.25915487964024e-09,4.496639100633832e-09,4.424586892634997e-09,6.625531366590167e-09,1.2157757609723258e-07,1.1216760235230686e-07,1.2975500860536258e-07,1.4186256363181035e-07,1.4518309759280481e-07,8.993278201267663e-08,8.849173785269994e-08,1.3251062733180333e-07,3.8716652315762303,JADES-DR3-GN-Medium,16972
189.33708901674504,5.545959542461539,62.248515239992585,3.799358274834888e-09,5.182102276871556e-09,9.693600287792148e-09,1.5931618099351665e-08,1.9944519909969368e-08,2.210083209397252e-08,2.3361320485824566e-09,1.954494537542733e-09,7.598716549669777e-08,1.0364204553743112e-07,1.93872005755843e-07,3.186323619870333e-07,3.988903981993874e-07,4.4201664187945036e-07,1.4822419709306227e-08,3.908989075085466e-08,3.992495757727255,JADES-DR3-GN-Parallel,20197
189.3057685179862,5.5908031177253825,62.21088482598656,1.1553954757436458e-08,1.0082717747119135e-08,8.744642769604003e-09,1.3698889717229875e-08,7.081640204987285e-09,9.327727540813187e-09,1.7996700041972952e-09,7.240284582248339e-09,2.3107909514872917e-07,2.016543549423827e-07,1.7489285539208004e-07,2.739777943445975e-07,1.416328040997457e-07,1.8655455081626374e-07,1.731709100321904e-08,1.4480569164496678e-07,5.226212302866317,JADES-DR3-GN-Deep,1547
189.26542709589773,5.781295010464752,62.19937811488004,3.714370210633901e-09,4.000445858095275e-09,4.981890006694473e-09,1.7988715335859305e-08,6.459682820357774e-09,1.4805737324291859e-08,1.8832171074023023e-09,1.4303683757767968e-09,7.428740421267801e-08,8.00089171619055e-08,9.963780013388946e-08,3.5977430671718613e-07,1.2919365640715548e-07,2.9611474648583717e-07,7.243382943242891e-09,2.8607367515535937e-08,5.219991311024438,JADES-DR3-GN-Deep,11269
189.08266031482518,5.892830540694219,62.25248038771186,4.55266873650607e-09,4.995757683059398e-09,5.250551686151015e-09,7.095593529869852e-09,1.2353168394467421e-08,8.97971472481022e-09,1.791716633823291e-09,1.824236350532969e-09,9.10533747301214e-08,9.991515366118797e-08,1.050110337230203e-07,1.4191187059739705e-07,2.470633678893484e-07,1.7959429449620442e-07,3.5445476584242892e-09,1.9654726900794453e-09,6.760155606346621,JADES-DR3-GN-Medium,16900
214.94946294107515,6.663230273871463,52.84542270647453,nan,nan,nan,2.3000044517663228e-08,2.484361268199355e-08,2.9486042998570732e-08,2.5036020488125357e-09,4.407710597465124e-09,0.0,0.0,0.0,4.600008903532645e-07,4.96872253639871e-07,5.897208599714147e-07,5.806922063134851e-09,8.815421194930248e-08,5.0006766478364995,CEERSP9,4119
214.89649672333283,6.346021863049434,52.870881695798204,2.4367811178368247e-08,4.4200153056722194e-08,6.493167827459573e-08,7.676001021141842e-08,9.476548639462733e-08,1.0415290536994801e-07,1.0089782473468117e-08,2.347134288362543e-08,4.873562235673649e-07,8.840030611344439e-07,1.2986335654919146e-06,1.5352002042283686e-06,1.895309727892547e-06,2.0830581073989603e-06,2.0179564946936233e-07,4.694268576725086e-07,3.862266741747214,CEERSP5,5357
214.89671150570487,6.462074832277039,52.8497991007546,2.8491923363183376e-09,1.039831887486703e-08,2.5367370134093558e-08,4.878338921503589e-08,8.642116624901895e-08,1.1997112338397836e-07,2.464569584415409e-09,2.6808566185627857e-09,5.698384672636675e-08,2.079663774973406e-07,5.073474026818712e-07,9.75667784300718e-07,1.7284233249803788e-06,2.399422467679567e-06,3.2249831214670813e-09,1.0356775682024205e-08,2.2972936813765927,CEERSP6,6944
214.8762929062436,7.49893348610291,52.85235371986108,2.076630973689123e-09,8.788673868622442e-09,2.6930892771004256e-08,7.311891957379222e-08,1.3675861465880636e-07,2.3174522638000917e-07,2.5667967915345063e-09,2.9786593243343826e-09,3.441750509259142e-08,1.7577347737244884e-07,5.386178554200851e-07,1.4623783914758445e-06,2.7351722931761272e-06,4.634904527600183e-06,6.3055852881033e-09,1.2006074174566888e-08,2.898023906592168,CEERSP6,3514
214.91637444469532,7.180360597835475,52.89132539149871,4.663721572536335e-09,1.0792149787499114e-08,1.62419542078909e-08,2.7461307090614286e-08,3.815586326972303e-08,5.814256675378083e-08,2.46554532664734e-09,2.7064355488786266e-09,9.32744314507267e-08,2.1584299574998226e-07,3.2483908415781796e-07,5.492261418122858e-07,7.631172653944606e-07,1.1628513350756164e-06,2.885431292246766e-08,4.8976049559665645e-08,2.945602473811857,CEERSP5,6171
214.8905353307035,4.542149736620601,52.89297687787521,2.2078509453858843e-09,2.713757428820492e-09,7.046615861549666e-09,8.455857293303504e-09,8.974198875225094e-09,1.3503718534762964e-08,1.9325735990012203e-09,2.711682613727845e-09,4.4157018907717685e-08,5.427514857640984e-08,1.4093231723099332e-07,1.6911714586607008e-07,1.7948397750450187e-07,2.700743706952593e-07,3.508993227491728e-08,3.284079373885582e-08,2.746926747083897,CEERSP2,11723
214.86083850040606,6.444549860365994,52.784775106761494,1.2541587522555213e-08,1.5741803249723223e-08,9.452463762275882e-09,3.650932855695593e-08,4.2619278790654304e-08,5.059577238943165e-08,4.556434891992361e-09,9.689605911777677e-09,2.5083175045110426e-07,3.148360649944644e-07,1.8904927524551764e-07,7.301865711391186e-07,8.52385575813086e-07,1.011915447788633e-06,9.11286978398472e-08,1.9379211823555353e-07,3.7737682126447636,CEERSP10,3723
53.13284686363682,6.48957441526201,-27.801863984823154,1.819166211961818e-09,2.0087815771202007e-09,2.730744617991991e-09,7.432615943505639e-09,5.554125809374975e-09,3.3157511411451612e-09,3.8024668421106266e-10,1.8068179786357021e-09,3.638332423923636e-08,4.0175631542404006e-08,5.4614892359839814e-08,1.4865231887011278e-07,1.110825161874995e-07,6.631502282290322e-08,7.604933684221253e-09,3.068017743530325e-08,4.64819117795008,JADES-DR3-GS-East,39590
53.11393688498427,5.023415514848069,-27.80619572651147,5.114569035578294e-09,4.470706369790075e-09,4.70905341002309e-09,7.246438582756864e-09,5.377588726570634e-09,2.8361032458855097e-09,2.309770262586821e-09,5.444969191636629e-09,1.022913807115659e-07,8.94141273958015e-08,9.418106820046178e-08,1.449287716551373e-07,1.0755177453141268e-07,5.67220649177102e-08,4.6195405251736416e-08,1.088993838327326e-07,4.548547705161769,JADES-DR3-GS-East,47215
53.1307625844144,5.574985576125387,-27.803916246646153,7.103544749796704e-09,7.242278903496929e-09,7.520717802724698e-09,1.4975253928372983e-08,1.2295882086772969e-08,1.3725453218644966e-08,7.876432953254809e-10,4.357014958193173e-09,1.4207089499593407e-07,1.448455780699386e-07,1.5041435605449398e-07,2.9950507856745966e-07,2.4591764173545937e-07,2.745090643728993e-07,9.699050994928646e-09,8.714029916386346e-08,5.026716850859811,JADES-DR3-GS-East,39625
214.88583799669195,8.065290987860703,52.83973991615412,4.214622579461645e-08,7.636564850628637e-08,1.3061565553387621e-07,2.0794337698530863e-07,2.903607508402907e-07,4.0269548982820136e-07,5.085899587801624e-09,1.0859849022677596e-08,8.42924515892329e-07,1.5273129701257274e-06,2.612313110677524e-06,4.158867539706172e-06,5.807215016805814e-06,8.053909796564028e-06,1.0171799175603248e-07,2.171969804535519e-07,1.7175622037167906,CEERSP6,6730
53.15035215132212,5.361354367303728,-27.755586517994256,1.996558278486386e-08,3.5652106465160056e-08,3.681980513672921e-08,3.619318633280925e-08,3.978933230747249e-08,4.0968489272832846e-08,9.159375684203843e-09,1.1287348919803095e-08,3.993116556972772e-07,7.130421293032011e-07,7.363961027345843e-07,7.23863726656185e-07,7.957866461494498e-07,8.193697854566569e-07,1.8318751368407685e-07,2.257469783960619e-07,2.3141502011950577,JADES-DR3-GS-East,43857
53.14928610713813,5.681715525450752,-27.74867937149987,2.2660649302820506e-08,2.7292039140958905e-08,3.328401286298778e-08,3.0249998863207e-08,3.5970917854226264e-08,3.7837976614475846e-08,2.0440361004978263e-08,2.189688557442867e-08,4.5321298605641017e-07,5.458407828191781e-07,6.656802572597557e-07,6.049999772641399e-07,7.194183570845254e-07,7.567595322895169e-07,4.088072200995652e-07,4.3793771148857345e-07,2.572985483113055,JADES-DR3-GS-East,46858
53.178499973900664,8.349493414401485,-27.784105621955092,3.6845671851446315e-08,4.511995832895164e-08,5.906362802656006e-08,8.61676555652242e-08,6.854682350157925e-08,8.160341357079882e-08,2.490789738327467e-08,3.111915552392318e-08,7.369134370289264e-07,9.023991665790328e-07,1.1812725605312013e-06,1.723353111304484e-06,1.3709364700315848e-06,1.6320682714159764e-06,4.981579476654934e-07,6.223831104784635e-07,3.188976178928402,JADES-DR3-GS-East,19645
53.170797760741365,5.287593011543981,-27.793355297063044,2.789325108122891e-09,3.4820748838091522e-09,5.9848558027846165e-09,3.5595879992099704e-09,2.7616934798474555e-09,2.9728598924907526e-09,2.777608547317711e-09,2.4952712459459123e-09,5.578650216245782e-08,6.964149767618305e-08,1.1969711605569232e-07,7.11917599841994e-08,5.5233869596949115e-08,5.9457197849815054e-08,5.555217094635423e-08,4.990542491891825e-08,2.676771583651009,JADES-DR3-GS-East,22373
53.131569121530596,5.578475784275704,-27.809903463167913,3.1532655138834226e-09,3.004412239728211e-09,3.420293321354151e-09,7.211012718591538e-09,6.608169726781937e-09,7.588308165507935e-09,1.9170862748288527e-09,2.4829504035490243e-09,6.306531027766845e-08,6.008824479456422e-08,6.840586642708301e-08,1.4422025437183076e-07,1.3216339453563874e-07,1.517661633101587e-07,2.0818374898266173e-09,4.965900807098049e-08,4.9443163098060685,JADES-DR3-GS-East,37536
53.16181264829929,5.6024341732776195,-27.77072023263451,4.982169173602173e-09,7.627297783251985e-09,1.4486314607702576e-08,1.4736871855380242e-08,1.1686529639440643e-08,1.536289030842831e-08,1.6115503296916977e-09,3.1853963647532773e-09,9.964338347204347e-08,1.525459556650397e-07,2.897262921540515e-07,2.9473743710760487e-07,2.3373059278881284e-07,3.0725780616856617e-07,3.2231006593833956e-08,6.370792729506555e-08,3.3243799544867922,JADES-DR3-GS-East,33832
53.11236697354333,5.198600058793786,-27.759592763219175,2.9388574646679214e-09,2.8906900014078027e-09,3.6622623801767995e-09,1.0292062070344507e-08,6.982740731289434e-09,4.6261718007688906e-09,1.5252560139840329e-09,2.4233706782781133e-09,5.877714929335843e-08,5.781380002815605e-08,7.324524760353599e-08,2.0584124140689014e-07,1.3965481462578869e-07,9.252343601537781e-08,7.444022495167701e-09,4.846741356556226e-08,4.779990242347004,JADES-DR3-GS-North,1646
214.896908650368,5.737298004443728,52.936711564426126,4.526248176170303e-09,5.305792523987668e-09,8.599058856417007e-09,9.471784460384547e-09,1.1559110705264818e-08,1.1146371519552088e-08,2.280011547341545e-09,3.202409605629932e-09,9.052496352340606e-08,1.0611585047975337e-07,1.7198117712834015e-07,1.8943568920769093e-07,2.3118221410529635e-07,2.2292743039104175e-07,3.3701441319018625e-08,6.404819211259864e-08,3.758354537320489,CEERSP2,4573
