F277W_best_model,F356W_best_model,F444W_best_model,REDSHIFT,SURVEY,SURVEY_ID,best_F277W_RFF,best_F277W_n_mean,best_F277W_n_sd,best_F277W_r_eff_mean,best_F277W_r_eff_sd,best_F356W_RFF,best_F356W_n_mean,best_F356W_n_sd,best_F356W_r_eff_mean,best_F356W_r_eff_sd,best_F444W_RFF,best_F444W_n_mean,best_F444W_n_sd,best_F444W_r_eff_mean,best_F444W_r_eff_sd
PS,PS,PS,3.685623554378137,PRIMER-UDS,56116,0.1015435628769768,0.682,0.031,7.117000000000001,0.305,0.05043549912161843,0.728,0.07200000000000001,6.3260000000000005,0.485,0.009491545228868838,0.83,0.222,5.518,0.545
single,single,single,4.559697224748681,PRIMER-UDS,221999,0.03776474610966848,0.7929999999999999,0.01,0.5,0.0,0.027236608872725495,0.778,0.018000000000000002,0.501,0.001,0.02272735105353995,0.68,0.015,0.5329999999999999,0.006999999999999999
single,single,single,4.130242519448266,PRIMER-UDS,83894,-0.03327250516555717,0.821,0.099,0.516,0.015,-0.014536553197679828,0.8059999999999999,0.073,0.51,0.01,-0.012878231254459391,0.9740000000000001,0.264,0.924,0.094
single,single,single,3.4984249628287953,PRIMER-UDS,108492,0.012796869422893,0.8190000000000001,0.091,0.515,0.013999999999999999,0.009679368280538005,0.81,0.08800000000000001,0.515,0.013999999999999999,-0.0003548131956097359,0.8809999999999999,0.174,0.539,0.032
single,single,single,2.9887083397196057,JADES-DR3-GN-Medium,14640,-0.021320037543696303,4.738,1.06,1.76,0.14300000000000002,-0.03468707748767655,3.8289999999999997,0.895,2.7710000000000004,0.225,-0.04509442365780861,6.04,1.33,2.044,0.377
single,single,single,3.66481288132049,JADES-DR3-GN-Medium,11792,0.04799662664359636,2.866,0.34700000000000003,1.456,0.042,0.016378647661948485,0.972,0.126,2.073,0.053,-0.018439136353146486,2.405,0.483,1.999,0.099
single,single,single,1.995768238300176,JADES-DR3-GS-East,34757,0.00251332772398877,0.65,0.0,7.485,0.016,-0.0398881056122898,0.65,0.0,7.343999999999999,0.018000000000000002,-0.09333387201352729,0.65,0.0,7.229,0.024
single,single,PS,2.4888125989695937,PRIMER-UDS,208439,-0.0023995761586123212,0.8140000000000001,0.078,0.511,0.01,-0.006200343375865953,0.797,0.057,0.507,0.006999999999999999,-0.01825626846531043,3.37,2.428,5.822,2.499
single,single,single,3.545867993949699,PRIMER-UDS,245058,0.02408942323845768,0.84,0.048,0.503,0.003,0.024453678480624564,1.194,0.085,0.506,0.006,0.008459285222322187,2.0140000000000002,0.064,0.502,0.002
single,single,single,5.440248363044704,PRIMER-UDS,69070,-0.033711878824261944,2.773,2.369,0.732,0.263,-0.05201846917255141,1.5619999999999998,0.833,0.619,0.091,-0.021362749006574755,0.8959999999999999,0.183,0.541,0.037000000000000005
single,single,single,4.710174890409039,PRIMER-UDS,94378,0.006503309790767758,1.103,0.281,1.371,0.09,-0.0011864725052142624,1.9780000000000002,0.6509999999999999,0.619,0.08199999999999999,-0.014620050304259799,1.2409999999999999,0.441,0.71,0.12300000000000001
PS,PS,PS,3.6181747685893706,PRIMER-UDS,237731,0.02188989496479996,4.632,2.213,3.675,2.484,0.010306295153237138,4.495,2.209,3.497,2.44,0.012161533640555347,4.507,2.214,3.873,2.6719999999999997
single,single,single,4.686400349465428,PRIMER-UDS,130917,-0.0026378423389898,2.9130000000000003,0.552,0.574,0.057,0.024076858582352874,0.795,0.062,0.508,0.008,0.014219459058593419,0.852,0.17,0.591,0.053
single,single,single,2.9218729533818197,JADES-DR3-GN-Deep,7193,-0.018399784507250484,3.943,1.033,1.374,0.105,-0.03194676492076252,2.628,0.9359999999999999,1.4769999999999999,0.12,-0.08517272557050362,3.8280000000000003,1.791,1.504,0.24600000000000002
PS,single,,5.2710159635441345,CEERSP2,5881,0.0209649365858143,0.711,0.049,5.17,0.182,0.023235337189495157,4.208,0.48,2.786,0.099,,,,,
single,single,single,4.7057429381185525,CEERSP3,6122,0.003871515393373328,4.473,1.249,0.629,0.068,-0.013532101726418576,4.893,1.4769999999999999,0.589,0.071,-0.045014389474357736,5.947,1.7180000000000002,1.0979999999999999,0.397
single,single,single,3.838474531469828,CEERSP5,3919,0.01725833837853283,1.5130000000000001,0.071,3.1060000000000003,0.05,0.018904833136048016,1.0659999999999998,0.055,2.8810000000000002,0.04,0.014416410561494689,1.102,0.11699999999999999,2.719,0.071
single,single,single,2.990447159103819,PRIMER-COSMOS,133273,0.018211814876541436,0.818,0.092,0.515,0.013999999999999999,-0.0013850494770753067,0.856,0.138,0.53,0.027000000000000003,-0.015273832612417307,0.966,0.24,0.5539999999999999,0.046
single,single,single,3.8054937480860396,PRIMER-UDS,23392,-0.03859598447676905,0.9470000000000001,0.223,0.542,0.040999999999999995,-0.02014787245606059,1.078,0.32,0.58,0.064,-0.03470219495733534,2.8289999999999997,1.76,0.715,0.163
single,single,single,2.6545174635774873,PRIMER-COSMOS,93339,-0.06825944999348361,1.037,0.092,4.294,0.127,-0.06953919950068929,0.9990000000000001,0.09699999999999999,4.388,0.154,-0.07435619896173663,1.246,0.193,4.769,0.245
single,single,single,4.680949891893533,JADES-DR3-GN-Medium,7903,0.008643807086559319,0.889,0.172,0.534,0.03,-0.019993573120378492,0.965,0.22899999999999998,0.5579999999999999,0.047,-0.008295159593730882,0.987,0.275,0.56,0.055
single,single,single,3.5190679077690534,CEERSP6,1444,0.032985120616677424,6.745,0.897,0.845,0.059000000000000004,0.03927326067060578,2.193,0.8640000000000001,0.866,0.114,0.04162197081376295,5.524,1.838,0.628,0.10099999999999999
single,single,single,3.699425664569624,PRIMER-UDS,104399,0.009259659877140227,6.153,1.284,0.6970000000000001,0.10099999999999999,0.0056113427035200695,1.8419999999999999,0.616,0.929,0.125,-0.02351472624289496,1.3659999999999999,0.565,0.6809999999999999,0.131
single,single,single,5.672939348734044,PRIMER-UDS,115903,-0.05005832649100067,0.946,0.183,2.87,0.12300000000000001,-0.003337694582492245,2.112,0.27899999999999997,1.8940000000000001,0.06,-0.01895833002687777,2.569,0.568,1.042,0.087
single,single,single,5.535464986066612,JADES-DR3-GN-Deep,5090,0.0014121896708500054,1.037,0.184,1.982,0.068,0.02284267467083168,0.6679999999999999,0.015,1.7790000000000001,0.025,-0.020085696381469953,0.733,0.061,1.864,0.053
single,single,single,6.760269979874092,JADES-DR3-GN-Medium,8875,-0.019203884136892998,1.14,0.579,3.089,0.309,0.06292006942111127,0.685,0.027999999999999997,2.506,0.053,0.061016754486109784,2.099,0.52,1.5419999999999998,0.113
PS,single,single,4.223775672905222,CEERSP9,8153,0.023490852180446074,0.7340000000000001,0.068,6.652,0.405,-0.0019157735312497449,0.7979999999999999,0.037000000000000005,0.503,0.003,-0.008941991778476637,0.8,0.043,0.504,0.004
PS,PS,single,3.2516446057467094,CEERSP6,5480,-0.03639163632538549,1.6780000000000002,0.032,4.248,0.019,-0.01205467656522378,1.7080000000000002,0.039,4.181,0.022000000000000002,-0.028652171549187755,4.506,0.052000000000000005,2.752,0.02
single,single,single,4.6561448148506,PRIMER-UDS,57337,-0.0896490474715755,1.453,0.83,0.636,0.113,-0.01733709501843802,2.112,1.145,0.9059999999999999,0.179,-0.014334243404538326,1.757,0.9490000000000001,0.6970000000000001,0.141
PS,single,single,5.919054204109247,JADES-DR3-GS-East,37806,0.0123403284207772,0.711,0.053,6.688,0.384,-0.006186442175403748,7.278,0.5670000000000001,0.665,0.026000000000000002,-0.019050945490779885,1.7269999999999999,0.442,0.755,0.078
single,single,single,4.0232926264174305,JADES-DR3-GS-East,16066,0.05875970331810327,7.997999999999999,0.002,3.0380000000000003,0.024,0.009990934037322066,5.376,0.147,5.0969999999999995,0.13699999999999998,-0.01164008757112193,4.936,0.239,6.816,0.317
single,single,single,6.719084546201944,CEERSP10,3691,-0.048835316573574886,2.937,1.847,1.136,0.21,-0.001764527766849961,2.467,1.105,0.723,0.14,-0.012695581688260803,1.306,0.529,0.7040000000000001,0.165
single,single,single,4.929483717024197,JADES-DR3-GS-East,41218,0.04966075001446234,0.657,0.006999999999999999,2.521,0.028999999999999998,-0.02373923407285263,0.6970000000000001,0.037000000000000005,2.499,0.07,-0.04907070113171196,0.799,0.125,2.323,0.124
single,single,single,4.701443464015267,JADES-DR3-GN-Deep,29048,0.04328256415784611,1.07,0.032,2.168,0.013999999999999999,0.035285266309341715,5.315,0.258,3.25,0.08900000000000001,-0.01839355170628038,2.9819999999999998,0.516,1.939,0.07
single,single,single,2.7070481287719765,JADES-DR3-GN-Deep,16313,0.07047955048831621,0.6829999999999999,0.03,4.7669999999999995,0.105,0.015772496726907743,0.67,0.019,4.59,0.099,-0.08175902906792017,0.754,0.076,5.26,0.23199999999999998
single,PS,single,3.4296688579869317,JADES-DR3-GN-Deep,6999,0.040127884691182295,0.78,0.035,0.503,0.003,0.021121102390396312,4.75,2.137,4.375,2.897,-0.01264890781788592,0.7959999999999999,0.065,0.509,0.009000000000000001
PS,single,single,5.041315472105793,JADES-DR3-GN-Deep,26895,-0.07463717264464835,0.65,0.0,8.051,0.021,-0.05550982913176324,7.999,0.001,0.858,0.005,-0.026482763940638844,7.997000000000001,0.003,0.7240000000000001,0.003
single,single,single,4.161901181822647,JADES-DR3-GN-Medium,5783,0.02941299033385177,7.7170000000000005,0.28600000000000003,0.626,0.048,0.00980074848343422,7.361000000000001,0.564,0.804,0.087,-0.06245609832833383,5.811,1.432,3.198,0.693
PS,PS,PS,3.9825178500302503,PRIMER-UDS,19882,-0.1795435324411971,0.662,0.012,6.272,0.107,-0.1793496623075791,0.657,0.006999999999999999,6.837000000000001,0.109,-0.21165306170867984,0.655,0.005,7.04,0.109
single,single,single,3.8987542669432527,PRIMER-UDS,33630,0.020681995975615142,2.6069999999999998,0.32899999999999996,0.727,0.043,-0.005918062473040666,7.0520000000000005,0.7190000000000001,0.614,0.040999999999999995,-0.02650586186092736,4.828,1.756,0.9670000000000001,0.12
single,PS,single,4.367358517680705,PRIMER-UDS,82455,-0.04267252025314993,3.359,0.155,2.463,0.06,-0.05052982234498631,0.674,0.021,4.513999999999999,0.069,-0.07180797127801418,1.774,0.107,2.641,0.045
single,single,single,3.9765743667461333,PRIMER-UDS,38176,-0.040252262409194606,0.654,0.004,5.443,0.053,-0.04533900876291985,0.6559999999999999,0.006,5.204,0.035,-0.06212114957337796,0.7040000000000001,0.027999999999999997,5.381,0.09300000000000001
single,single,single,3.999168563502095,PRIMER-UDS,72188,-0.0018770301474461846,1.115,0.036000000000000004,2.151,0.017,-0.005619617516588368,1.3940000000000001,0.049,2.204,0.013999999999999999,-0.018471719168069962,1.139,0.078,2.2880000000000003,0.032
single,single,single,2.291371498749341,PRIMER-UDS,216681,-0.005447153554808936,2.863,0.076,1.805,0.013999999999999999,-0.002342983635345324,2.6460000000000004,0.055999999999999994,1.469,0.01,-0.006580196040864543,2.173,0.057999999999999996,1.3940000000000001,0.012
single,single,single,0.6266205014438273,JADES-DR3-GN-Medium,14150,-0.04199369490235098,3.372,0.098,3.967,0.07200000000000001,-0.051501086406475736,2.9560000000000004,0.102,3.7,0.065,-0.059792093392915815,4.023,0.35600000000000004,3.299,0.14400000000000002
PS,single,single,1.6754942064311105,JADES-DR3-GN-Medium,12007,-0.08821426260906567,0.6579999999999999,0.006999999999999999,9.415,0.20199999999999999,-0.07659583546390412,0.65,0.001,6.3420000000000005,0.01,-0.10336874212804859,0.65,0.0,6.245,0.011000000000000001
,,,2.31952056680547,JADES-DR3-GN-Medium,1847,,,,,,,,,,,,,,,
PS,single,single,3.1294157422138777,JADES-DR3-GN-Medium,6191,0.06180879640433424,0.672,0.021,5.803999999999999,0.17800000000000002,-0.0034965522387805184,3.241,0.593,4.088,0.324,-0.05326559388212641,4.047,1.0759999999999998,4.434,0.603
single,single,single,6.756534894691736,JADES-DR3-GN-Medium,16639,-0.026247572723857374,0.9009999999999999,0.04,3.7960000000000003,0.062,-0.06127852651012494,0.857,0.03,4.303999999999999,0.062,-0.06592630851721037,0.9159999999999999,0.042,4.856,0.10300000000000001
single,single,single,2.590422920845766,JADES-DR3-GS-East,8231,-0.01582093027424563,1.876,0.005,2.3819999999999997,0.002,-0.013574857615929232,1.8630000000000002,0.005,2.342,0.002,-0.02268544208823863,1.694,0.004,2.227,0.001
single,single,single,4.853279502428629,JADES-DR3-GS-North,5654,0.005124497743864865,1.034,0.013000000000000001,3.466,0.013000000000000001,-0.014283497273764422,1.129,0.019,3.431,0.017,-0.04355373918903872,1.337,0.040999999999999995,3.363,0.028999999999999998
PS,PS,PS,2.6408876770692564,JADES-DR3-GS-East,26730,-0.1051429920954559,0.961,0.006,5.686,0.008,-0.10490272169457372,0.867,0.005,5.598,0.006999999999999999,-0.13662950973477545,0.794,0.006,5.572,0.011000000000000001
single,single,single,2.869049313078626,JADES-DR3-GS-East,43130,-0.08636080199963292,0.65,0.0,5.178999999999999,0.003,-0.1400774503750027,0.65,0.0,5.718999999999999,0.005,-0.10888794948037887,0.65,0.0,5.42,0.006
single,single,single,1.3890036716851748,JADES-DR3-GS-East,15006,0.007093079634490371,0.65,0.0,5.33,0.003,-0.02489300796681634,0.65,0.0,5.468999999999999,0.003,-0.040269019711441194,0.65,0.0,5.336,0.002
PS,single,single,3.606532055444853,JADES-DR3-GS-East,19573,-0.13096599725644456,0.977,0.013999999999999999,7.069,0.040999999999999995,-0.16504336498906863,1.3769999999999998,0.013999999999999999,6.348,0.042,-0.1468831992182407,1.51,0.016,5.002,0.027000000000000003
single,single,single,2.3998848450652894,JADES-DR3-GS-East,24249,-0.03197664156198375,0.65,0.0,5.603,0.006,-0.05314100932532719,0.65,0.0,5.581,0.006,-0.09712632744278343,0.65,0.0,5.632999999999999,0.008
single,single,single,2.2248134462435427,JADES-DR3-GS-East,46496,-0.11213799050032625,3.1039999999999996,0.006999999999999999,6.377000000000001,0.016,-0.09571440640088602,2.873,0.008,5.917000000000001,0.013000000000000001,-0.09521858452218437,4.512,0.013999999999999999,6.768,0.025
single,single,single,2.61422145474087,JADES-DR3-GS-East,40808,-0.21003820268891996,0.6809999999999999,0.002,7.724,0.012,-0.22188653994939767,0.925,0.002,7.957999999999999,0.004,-0.22300470680509255,0.987,0.002,7.529,0.003
PS,PS,single,1.0373333269354443,CEERSP7,5201,-0.07220458143277199,4.806,0.048,6.397,0.054000000000000006,-0.042925460583957756,4.692,0.06,5.871,0.051,-0.011049734327963958,7.999,0.001,1.881,0.006
single,single,single,2.0932855902100935,JADES-DR3-GN-Medium,15034,0.0066477598786066835,0.898,0.008,3.9330000000000003,0.008,-0.007132666295564318,0.795,0.011000000000000001,3.838,0.015,-0.02651454058049291,0.664,0.008,3.638,0.017
single,single,single,2.074904823387161,JADES-DR3-GS-East,12320,-0.006083251493854822,6.97,0.281,2.608,0.073,0.07235134678334255,7.506,0.073,3.608,0.049,0.04900242217489359,7.059,0.331,3.395,0.095
PS,single,single,2.646402447132789,JADES-DR3-GS-South,48965,-0.1189796927962202,0.9420000000000001,0.03,7.556,0.092,-0.05470934960380448,4.998,0.098,4.178,0.079,-0.04662062695821683,4.624,0.129,2.728,0.039
PS,single,single,1.6554154872470153,PRIMER-UDS,211293,-0.11829927368232698,0.6509999999999999,0.001,5.252000000000001,0.005,-0.07658751047367496,0.985,0.002,4.6610000000000005,0.003,-0.07591062595949218,1.064,0.002,4.115,0.003
single,single,single,3.521629437232485,PRIMER-UDS,55521,-0.0752320475447477,3.511,0.142,5.166,0.154,-0.1422458669883529,2.984,0.134,6.124,0.20800000000000002,-0.1418252087316291,2.775,0.159,4.874,0.16699999999999998
PS,PS,single,3.597146766022907,PRIMER-UDS,239709,-0.15770732579148877,1.242,0.021,9.715,0.102,-0.14639728518439457,1.483,0.037000000000000005,7.476,0.08900000000000001,-0.17924905438307373,3.389,0.055,8.812999999999999,0.17800000000000002
PS,PS,PS,2.5813604413785796,JADES-DR3-GS-East,22942,-0.23431972296200593,0.65,0.0,11.087,0.03,-0.19169527958584887,0.65,0.0,7.244,0.004,-0.1754869574801592,0.65,0.0,6.22,0.003
PS,single,single,2.821367842685626,JADES-DR3-GS-East,20371,-0.12103381103363212,1.035,0.006999999999999999,6.52,0.013999999999999999,-0.09309638618956967,1.6640000000000001,0.006,5.919,0.013999999999999999,-0.08912006667996974,1.3769999999999998,0.003,4.939,0.005
single,single,single,2.8723994163885367,JADES-DR3-GS-East,40623,-0.03854089374268118,1.412,0.003,3.4560000000000004,0.002,-0.014906706971791524,1.7619999999999998,0.005,2.978,0.002,-0.035477673016290824,1.7069999999999999,0.005,2.8169999999999997,0.002
PS,PS,single,0.733843467967265,JADES-DR3-GS-East,39860,-0.23867887664786272,0.65,0.0,8.35,0.002,-0.2018342310942236,0.65,0.0,8.408,0.003,-0.18850376640544855,4.6610000000000005,0.003,34.789,0.05
PS,PS,PS,1.316691441733039,JADES-DR3-GS-East,19435,-0.1759853638702113,0.6729999999999999,0.023,12.002,1.034,-0.18020622472177497,0.662,0.011000000000000001,10.544,0.401,-0.18859846973167038,0.65,0.0,9.232000000000001,0.07
PS,single,single,3.7373160885404166,PRIMER-UDS,44883,-0.05987755690020636,1.16,0.04,5.417000000000001,0.063,-0.0490727676078437,1.964,0.033,4.4319999999999995,0.039,-0.05885852944945225,1.662,0.027999999999999997,4.078,0.028999999999999998
PS,single,single,1.8235444719797882,PRIMER-UDS,185028,-0.05759592132010311,1.026,0.057,6.311,0.099,-0.06602564978708685,3.5580000000000003,0.095,4.152,0.067,-0.09047607226217733,3.799,0.131,4.148,0.086
PS,PS,single,3.9060612922760463,PRIMER-UDS,52539,-0.023017497011566548,0.684,0.03,5.362,0.154,-0.03504068877383777,0.6920000000000001,0.035,5.352,0.174,-0.07221666798541217,1.1,0.159,5.155,0.253
PS,PS,PS,2.207504912485949,PRIMER-UDS,160077,-0.10972587334866657,0.659,0.009000000000000001,9.05,0.11599999999999999,-0.11065245774578125,0.657,0.006999999999999999,8.966000000000001,0.09699999999999999,-0.1087294568392059,0.7290000000000001,0.03,8.742,0.171
single,PS,single,4.58262875614737,PRIMER-UDS,148827,0.035956953262019,1.314,0.132,2.275,0.054000000000000006,0.008664424248073146,0.992,0.332,1.986,0.364,0.18206708628999374,0.687,0.028999999999999998,4.837,0.095
single,single,single,2.744771080607825,PRIMER-UDS,76998,0.012995143606886637,2.209,0.068,3.495,0.043,0.01321922790185062,2.5580000000000003,0.08800000000000001,3.665,0.054000000000000006,-0.018675442749387785,2.596,0.14,3.505,0.078
single,single,single,3.467080055047999,JADES-DR3-GN-Deep,27764,0.005575398860287509,1.416,0.096,1.66,0.026000000000000002,-0.018523579963320647,1.035,0.10400000000000001,1.8659999999999999,0.040999999999999995,-0.015728368691550906,0.9490000000000001,0.19,1.839,0.063
single,single,single,3.9512426855720975,PRIMER-UDS,93088,-0.027106815042831644,2.219,0.10800000000000001,2.9,0.038,-0.04463826022227681,2.3409999999999997,0.125,3.148,0.051,-0.05992011494390619,1.996,0.21100000000000002,3.4410000000000003,0.10400000000000001
single,single,single,4.508574934129882,CEERSP6,965,0.062314546886860146,0.774,0.109,0.88,0.038,0.0023875557090444694,1.249,0.40399999999999997,0.601,0.07,-0.014954824143895788,6.055,1.5,1.499,0.39899999999999997
single,PS,PS,4.280136427993674,CEERSP6,5318,-0.08106897801897274,2.27,0.081,4.295,0.09699999999999999,-0.14101918168415353,0.74,0.027999999999999997,7.117999999999999,0.121,-0.14584774956517446,0.797,0.039,6.353,0.125
single,single,single,4.401458869261494,JADES-DR3-GN-Medium,2620,-0.12683421368476752,1.395,0.042,6.175,0.096,-0.1471164809095965,1.505,0.049,5.722,0.08900000000000001,-0.1285884054838586,1.506,0.087,5.306,0.134
PS,PS,PS,4.413353536067188,JADES-DR3-GN-Medium,6964,0.030409396321301137,0.848,0.122,4.1739999999999995,0.142,-0.004151975962505901,0.687,0.035,4.228,0.121,-0.029340524369028318,0.741,0.077,2.904,0.16399999999999998
single,single,single,4.5509611795880796,CEERSP8,6576,0.12244532405003809,1.4409999999999998,0.04,3.608,0.033,0.07319411943506655,1.097,0.043,3.44,0.036000000000000004,-0.007746934035036488,0.73,0.057999999999999996,3.21,0.10300000000000001
single,single,single,3.7721871638886535,CEERSP6,9801,0.05499623774526823,1.409,0.03,2.3890000000000002,0.013999999999999999,0.04146900699464448,1.446,0.032,2.315,0.013999999999999999,0.04038200927874853,1.217,0.037000000000000005,2.6430000000000002,0.021
single,single,single,3.864540011849927,CEERSP5,4234,-0.024283349073167464,1.161,0.026000000000000002,4.368,0.027999999999999997,-0.03790471320037322,1.114,0.022000000000000002,4.388999999999999,0.023,-0.049564578929815445,1.054,0.031,4.176,0.03
single,single,single,2.8104075046926043,PRIMER-COSMOS,140605,-0.19921156849620109,1.1320000000000001,0.015,8.901,0.086,-0.21281099776620893,1.296,0.013999999999999999,8.3,0.069,-0.2168956408363805,1.37,0.016,7.291,0.062
single,single,single,3.417776234625248,PRIMER-COSMOS,130533,-0.0024694693860080586,0.943,0.044000000000000004,6.164,0.095,0.0009558328748457719,0.777,0.05,5.192,0.126,-0.06612777823157215,0.961,0.07400000000000001,5.9270000000000005,0.126
single,single,single,2.9689423935642965,CEERSP6,3405,-0.004121522705445077,1.234,0.021,3.886,0.022000000000000002,-0.02662588938893071,1.527,0.034,3.7539999999999996,0.026000000000000002,-0.02892946710666006,1.5930000000000002,0.05,3.582,0.036000000000000004
single,single,single,3.906543307140338,JADES-DR3-GN-Deep,8507,-0.0983460648731838,1.145,0.006999999999999999,5.527,0.012,-0.14395421220620827,1.17,0.008,5.816,0.013000000000000001,-0.19014436288164321,1.122,0.009000000000000001,5.881,0.016
single,single,single,3.6555860681640757,PRIMER-UDS,11701,-0.005796101607192536,2.971,0.304,1.555,0.052000000000000005,-0.0007655295612949594,2.524,0.275,1.171,0.043,-0.02216191141351576,2.404,0.39,1.04,0.057
single,single,single,4.475962866802982,PRIMER-UDS,27685,-0.072021271242531,1.013,0.085,5.7139999999999995,0.158,-0.12334282359662435,0.7509999999999999,0.059000000000000004,5.8,0.21,-0.11473793249515818,0.75,0.07400000000000001,5.7860000000000005,0.28800000000000003
single,single,single,5.735217699487371,PRIMER-COSMOS,78529,0.025989305960468383,2.9739999999999998,0.37200000000000005,2.301,0.095,-0.0014321670340449514,1.993,0.115,1.8559999999999999,0.027000000000000003,-0.023371048444410025,1.172,0.193,2.187,0.059000000000000004
PS,PS,PS,2.0857151567543664,PRIMER-COSMOS,146132,-0.27306513736145166,0.65,0.0,8.774,0.018000000000000002,-0.2374274260545001,0.65,0.0,8.02,0.011000000000000001,-0.2145997556815221,0.65,0.0,7.688,0.011000000000000001
single,single,single,2.47756724062167,PRIMER-COSMOS,159133,-0.04267373574952523,1.308,0.081,3.735,0.079,-0.07628735665017951,1.54,0.095,3.5589999999999997,0.083,-0.11508052433633552,1.4609999999999999,0.126,4.232,0.156
single,single,single,1.5543687711857292,CEERSP6,8112,-0.13247786971735456,1.794,0.032,5.635,0.052000000000000005,-0.13947102257316044,1.883,0.035,5.462999999999999,0.05,-0.13590390607328187,1.7309999999999999,0.040999999999999995,5.166,0.055
single,single,single,2.5523195458204273,PRIMER-COSMOS,134028,-0.21144461441551884,0.823,0.006,10.94,0.071,-0.25329304019160154,0.9079999999999999,0.003,11.645,0.047,-0.26763134028156765,1.16,0.004,11.773,0.053
single,PS,single,3.2643172022819495,PRIMER-COSMOS,54465,0.01156606218978342,7.872000000000001,0.149,1.2109999999999999,0.057999999999999996,-0.022844661390011248,1.6280000000000001,1.218,5.571000000000001,0.72,-0.03275058977669292,7.532,0.433,1.037,0.07
single,single,single,1.6899929535409859,PRIMER-COSMOS,59715,-0.025940530854909744,7.981,0.017,2.532,0.016,-0.026911297360157637,7.996,0.003,2.353,0.013999999999999999,-0.03740632442735415,7.982,0.017,2.377,0.016
PS,PS,PS,2.4935452558249347,PRIMER-COSMOS,61115,-0.19878502547022905,0.98,0.032,8.442,0.08199999999999999,-0.12943491621414688,1.121,0.036000000000000004,7.28,0.055,-0.07811929003310857,1.3359999999999999,0.054000000000000006,6.71,0.075
PS,PS,single,1.8695384903354322,PRIMER-COSMOS,61573,-0.07984581006660887,0.992,0.038,5.757999999999999,0.062,-0.06412857661331177,0.82,0.027000000000000003,5.587000000000001,0.048,-0.0779510145000647,2.227,0.059000000000000004,3.8089999999999997,0.040999999999999995
PS,single,single,2.5608190079253808,PRIMER-COSMOS,72482,-0.07385130302601443,0.6509999999999999,0.001,9.568,0.054000000000000006,-0.09140353578570949,0.6509999999999999,0.001,9.057,0.025,-0.14966099562641502,0.7509999999999999,0.015,9.02,0.083
PS,PS,PS,2.0997855906559915,PRIMER-COSMOS,73098,-0.15008556726525255,0.775,0.013000000000000001,6.252999999999999,0.051,-0.11272215960366863,0.815,0.012,6.66,0.040999999999999995,-0.1342398106207215,0.831,0.013999999999999999,6.593999999999999,0.042
single,single,single,3.0036351634139775,PRIMER-COSMOS,87115,-0.015758505589775738,1.357,0.027000000000000003,4.16,0.035,-0.027608537975578565,1.224,0.027000000000000003,4.289,0.033,-0.05208719746051209,1.1340000000000001,0.035,4.303999999999999,0.045
single,single,single,2.6291519151638454,PRIMER-COSMOS,86751,0.007105337239697929,4.8919999999999995,0.527,1.6880000000000002,0.057999999999999996,-0.0077397866411375036,2.665,0.19899999999999998,1.776,0.037000000000000005,-0.02305340612380066,2.0780000000000003,0.307,1.713,0.06
PS,PS,PS,2.624471770838358,PRIMER-COSMOS,86583,-0.1341911218130815,0.802,0.018000000000000002,5.598,0.047,-0.08315887756798283,0.835,0.019,5.2989999999999995,0.035,-0.07217279985678406,0.846,0.026000000000000002,5.061,0.043
single,single,single,2.2816011974544668,PRIMER-COSMOS,98300,-0.20328800347405138,0.65,0.0,11.507,0.028999999999999998,-0.3156412979174906,0.65,0.0,10.435,0.01,-0.3152456691962663,0.65,0.0,9.138,0.006999999999999999
PS,PS,single,3.1281717038504366,JADES-DR3-GN-Medium,9766,-0.20218833759290436,0.69,0.02,7.281000000000001,0.087,-0.2159750939235366,0.873,0.02,7.702000000000001,0.063,-0.19941629274495942,1.806,0.031,7.03,0.086
PS,single,PS,1.987494427840387,JADES-DR3-GN-Medium,9246,-0.13379187491853342,1.031,0.02,7.447,0.035,-0.14461787634502293,2.454,0.025,7.64,0.071,-0.15060596139201066,0.983,0.022000000000000002,7.147,0.037000000000000005
PS,PS,PS,2.958913784303765,JADES-DR3-GN-Medium,2803,-0.21961799207451793,1.462,0.047,11.517000000000001,0.201,-0.2317710431832147,1.515,0.053,10.789000000000001,0.171,-0.24133620304901363,1.4969999999999999,0.067,10.299000000000001,0.18600000000000003
single,single,single,3.660888731686705,JADES-DR3-GN-Medium,10835,-0.002874736056648224,0.652,0.002,4.208,0.032,-0.012228966843534387,0.655,0.005,4.141,0.043,-0.06738799718756891,0.657,0.006999999999999999,4.21,0.055999999999999994
PS,PS,single,2.931167728675664,JADES-DR3-GN-Medium,17029,-0.10556999192978907,1.079,0.015,8.749,0.061,-0.11185699331025357,0.9329999999999999,0.013999999999999999,8.34,0.06,-0.12616384149200827,1.828,0.023,8.059,0.08900000000000001
single,single,single,3.650937024797675,CEERSP3,9026,-0.05395883877602951,3.759,0.09,2.5140000000000002,0.026000000000000002,-0.0834247411347656,4.396,0.11599999999999999,2.577,0.03,-0.07120821884356009,2.8160000000000003,0.07,1.996,0.011000000000000001
single,single,,3.436529812944877,CEERSP2,9980,-0.02916362791194524,2.5069999999999997,0.078,2.3169999999999997,0.023,-0.026162546919832445,2.89,0.145,1.689,0.02,,,,,
PS,PS,PS,3.5386741628548073,PRIMER-UDS,113148,-0.13909213456940483,2.2430000000000003,0.095,10.225,0.203,-0.15259831588341471,1.3559999999999999,0.047,12.355,0.19899999999999998,-0.14794076884695495,1.617,0.09300000000000001,9.478,0.23
single,single,single,3.985840752501347,PRIMER-UDS,126454,0.002965514215860297,1.204,0.054000000000000006,2.799,0.032,-0.012630921413964803,1.215,0.066,2.8680000000000003,0.036000000000000004,-0.05103331082682547,1.82,0.201,2.9130000000000003,0.086
,,,1.6759778213447447,JADES-DR3-GN-Medium,21646,,,,,,,,,,,,,,,
single,single,single,2.980748757646925,JADES-DR3-GN-Medium,9555,0.08533738194596431,0.6509999999999999,0.001,5.381,0.015,0.024407513473347065,0.6509999999999999,0.001,5.5520000000000005,0.018000000000000002,0.023207743270192656,0.6509999999999999,0.001,5.261,0.03
single,PS,PS,2.2608963589622113,JADES-DR3-GN-Medium,15484,0.04950034688965828,0.797,0.013000000000000001,0.501,0.001,0.02381535676032932,0.715,0.063,0.503,0.003,0.03401798380689017,0.7809999999999999,0.024,0.505,0.005
PS,single,single,2.2449602675277593,JADES-DR3-GN-Medium,942,-0.07585798285907389,1.0390000000000001,0.019,6.417999999999999,0.038,-0.06440219126743338,3.635,0.045,6.084,0.075,-0.08660731419931822,3.778,0.057999999999999996,5.568,0.083
PS,PS,PS,3.6619520644775783,JADES-DR3-GN-Medium,12216,-0.0996836887863603,0.769,0.025,5.11,0.057,-0.12406997923827903,0.72,0.028999999999999998,5.825,0.094,-0.13138840438690352,0.7040000000000001,0.034,5.044,0.08800000000000001
single,single,single,3.8716652315762303,JADES-DR3-GN-Medium,16972,0.042520103016001426,0.655,0.005,3.199,0.033,0.009652306117214347,0.6579999999999999,0.006999999999999999,3.134,0.035,-0.07474073003805627,0.7,0.044000000000000004,3.3310000000000004,0.115
single,single,single,3.992495757727255,JADES-DR3-GN-Parallel,20197,0.025772802972234575,0.6509999999999999,0.001,4.765,0.017,0.0048485456653516844,0.6509999999999999,0.001,4.563,0.017,-0.010183044343382281,0.652,0.002,4.337,0.016
single,single,single,5.226212302866317,JADES-DR3-GN-Deep,1547,0.1015228902033577,1.128,0.025,4.4,0.047,0.12106812166114306,1.361,0.048,5.231,0.087,0.012514916899161345,1.214,0.051,5.215,0.096
single,PS,PS,5.219991311024438,JADES-DR3-GN-Deep,11269,0.011184845215107181,7.932,0.071,1.2229999999999999,0.032,-0.004338155381947822,0.741,0.077,7.697,0.5720000000000001,-0.003758262465115913,0.789,0.125,5.507999999999999,0.389
single,single,single,6.760155606346621,JADES-DR3-GN-Medium,16900,-0.11156248693361259,0.6559999999999999,0.006,5.562,0.07400000000000001,-0.0551619266657484,0.665,0.013000000000000001,4.544,0.054000000000000006,-0.0683656396227685,0.659,0.009000000000000001,4.856,0.08199999999999999
single,single,single,5.0006766478364995,CEERSP9,4119,-0.02594694324800893,1.4409999999999998,0.046,4.0169999999999995,0.048,-0.042256933472292035,1.7719999999999998,0.047,4.868,0.063,-0.052608579932153954,1.768,0.047,4.832,0.063
single,single,PS,3.862266741747214,CEERSP5,5357,-0.06485885010881666,2.028,0.023,3.863,0.016,-0.08929384681434313,1.659,0.016,4.257,0.013999999999999999,-0.1037588388163299,1.141,0.027999999999999997,4.918,0.044000000000000004
single,single,single,2.2972936813765927,CEERSP6,6944,-0.14804111216031704,1.043,0.011000000000000001,5.48,0.02,-0.10016254627738912,1.401,0.013000000000000001,4.416,0.013000000000000001,-0.06598543587104097,1.625,0.018000000000000002,3.69,0.013000000000000001
single,single,single,2.898023906592168,CEERSP6,3514,-0.1690969780620879,1.9380000000000002,0.019,6.742000000000001,0.053,-0.136272206139225,1.726,0.013999999999999999,5.7410000000000005,0.027999999999999997,-0.09213315685019811,1.429,0.01,4.779,0.013000000000000001
PS,single,single,2.945602473811857,CEERSP5,6171,-0.14961035079616503,0.664,0.012,6.685,0.066,-0.17461871049117417,0.769,0.012,6.943,0.066,-0.1697299421856192,0.9009999999999999,0.012,5.905,0.051
single,single,,2.746926747083897,CEERSP2,11723,0.07818514955280075,0.975,0.217,0.555,0.037000000000000005,-0.0027788504008229927,0.851,0.138,0.53,0.024,,,,,
single,single,single,3.7737682126447636,CEERSP10,3723,-0.18672884083707225,1.022,0.02,7.155,0.071,-0.22269848061047726,0.8290000000000001,0.013999999999999999,6.997999999999999,0.064,-0.2653515109081441,0.861,0.018000000000000002,7.355,0.09
single,PS,single,4.64819117795008,JADES-DR3-GS-East,39590,0.018625401282043052,2.67,0.08900000000000001,0.8440000000000001,0.01,0.0066321203960325315,1.807,0.327,2.168,0.278,-0.02461478994757438,0.9359999999999999,0.23600000000000002,1.328,0.057999999999999996
single,single,single,4.548547705161769,JADES-DR3-GS-East,47215,0.04246440283033913,1.464,0.024,4.925,0.043,-0.016686884996569906,1.3219999999999998,0.034,4.879,0.053,0.003651387562433347,1.357,0.077,4.375,0.095
single,single,single,5.026716850859811,JADES-DR3-GS-East,39625,0.05853236886519655,0.65,0.0,4.888999999999999,0.005,0.023077211937653483,0.65,0.0,4.967,0.006999999999999999,-0.008194822598473032,0.65,0.0,4.985,0.009000000000000001
single,single,single,1.7175622037167906,CEERSP6,6730,-0.08629730155698426,5.244,0.051,4.622,0.051,-0.05414471459050618,5.4110000000000005,0.046,3.2089999999999996,0.023,-0.03671462698502841,6.129,0.075,2.411,0.019
single,single,single,2.3141502011950577,JADES-DR3-GS-East,43857,-0.06295124363882426,0.65,0.0,6.332999999999999,0.003,-0.05850135867748804,0.65,0.0,5.718999999999999,0.005,-0.12735394627888713,0.65,0.0,6.256,0.004
PS,PS,PS,2.572985483113055,JADES-DR3-GS-East,46858,-0.11014566499376148,1.7069999999999999,0.023,11.529000000000002,0.161,-0.10404037960021346,1.4240000000000002,0.02,9.103,0.079,-0.11398386932496554,1.4,0.018000000000000002,9.783,0.091
PS,single,single,3.188976178928402,JADES-DR3-GS-East,19645,0.0010868274034755725,0.996,0.05,6.7829999999999995,0.111,0.0012945923437706983,4.5489999999999995,0.043,0.501,0.001,-0.01380056412433612,3.54,0.043,0.551,0.005
single,single,single,2.676771583651009,JADES-DR3-GS-East,22373,0.05849506168663291,1.81,0.091,2.218,0.033,-0.00361338291141509,1.4369999999999998,0.091,3.035,0.067,-1.1255184006039806e-05,1.011,0.105,2.6439999999999997,0.06
single,single,single,4.9443163098060685,JADES-DR3-GS-East,37536,0.12166038771445727,2.148,0.033,4.996,0.04,0.10105893323922806,3.385,0.09,4.476,0.078,0.07183113815741628,4.526,0.179,3.6260000000000003,0.078
single,single,single,3.3243799544867922,JADES-DR3-GS-East,33832,-0.040909033552872294,0.932,0.006999999999999999,4.949,0.01,-0.03862018962237458,0.8590000000000001,0.011000000000000001,4.985,0.018000000000000002,-0.05669818265556981,0.986,0.012,4.647,0.015
single,single,single,4.779990242347004,JADES-DR3-GS-North,1646,0.015209271360519258,7.763,0.273,0.5920000000000001,0.026000000000000002,-0.010335018697380223,2.6689999999999996,0.396,0.991,0.048,-0.010837036092539378,3.252,1.11,1.006,0.102
single,PS,,3.758354537320489,CEERSP2,4573,-0.009257536318790439,1.72,0.134,2.149,0.049,-0.016150275651155687,0.721,0.054000000000000006,2.859,0.11599999999999999,,,,,
